INSERT INTO "user" (firstname, lastname, email, username, password, created_at) VALUES ('Catherine', 'Figueroa', 'alexanderfrye@example.com', 'vazquezjessica689', 'yC&k%2Vu086', '2023-06-20 19:39:33.571148');
INSERT INTO "user" (firstname, lastname, email, username, password, created_at) VALUES ('Heather', 'Jackson', 'jackson70@example.org', 'andrew42129', '%j7&k$Y1E&EAwJ', '2023-03-31 09:33:05.101056');
INSERT INTO "user" (firstname, lastname, email, username, password, created_at) VALUES ('Steven', 'Rivera', 'jacob43@example.org', 'adammckinney144', '%0APi$CwJX3', '2023-06-03 22:34:02.062764');
INSERT INTO "user" (firstname, lastname, email, username, password, created_at) VALUES ('Jorge', 'Harper', 'tracey66@example.com', 'karen17515', '4oJGB5Et!X(lW0dsI', '2023-03-25 17:38:53.663116');
INSERT INTO "user" (firstname, lastname, email, username, password, created_at) VALUES ('Shawna', 'Frost', 'nmason@example.com', 'kkelly379', ')I#ZeA#6h3', '2023-01-05 10:25:29.327599');
INSERT INTO "user" (firstname, lastname, email, username, password, created_at) VALUES ('Kelsey', 'Murillo', 'rickeysantos@example.com', 'rjohnson643', 'Qr76cfyF_FNNtd&c#', '2023-01-16 14:26:29.572641');
INSERT INTO "user" (firstname, lastname, email, username, password, created_at) VALUES ('Katherine', 'Rios', 'carrie24@example.com', 'tashaward339', '(bC36CUu', '2023-02-21 05:56:53.723757');
INSERT INTO "user" (firstname, lastname, email, username, password, created_at) VALUES ('David', 'Moore', 'jennifer22@example.org', 'jgreen241', 'miVnZ(QEn&5VUX&@y(Z', '2023-04-14 12:03:59.131595');
INSERT INTO "user" (firstname, lastname, email, username, password, created_at) VALUES ('Michael', 'Ortega', 'gordontracey@example.com', 'xwoods557', '!zg%4RllM97CAZgK#Vi', '2023-05-26 08:59:12.829831');
INSERT INTO "user" (firstname, lastname, email, username, password, created_at) VALUES ('Ralph', 'Wright', 'xbrown@example.org', 'jamesball158', 'e)DAMzP&_7wrF', '2023-05-29 16:36:07.210406');
INSERT INTO "user" (firstname, lastname, email, username, password, created_at) VALUES ('Paul', 'Cohen', 'greenkristen@example.net', 'jmiller661', 'kxpmBbJN8$3gWl7', '2023-02-08 21:13:50.265911');
INSERT INTO "user" (firstname, lastname, email, username, password, created_at) VALUES ('Sonya', 'Howard', 'marquezmarcia@example.net', 'dixonmary944', 'o1LSsrQL*5TH6u', '2023-01-12 13:01:24.597647');
INSERT INTO "user" (firstname, lastname, email, username, password, created_at) VALUES ('Allison', 'Kim', 'yvetteday@example.com', 'amandaanthony874', 'N!GH7jkQ8Gkki', '2023-05-25 06:12:19.199907');
INSERT INTO "user" (firstname, lastname, email, username, password, created_at) VALUES ('Jason', 'Robinson', 'bakerchelsea@example.org', 'debra41800', 'iGDy6(WlfA&U3Z0_', '2023-01-14 15:21:59.202572');
INSERT INTO "user" (firstname, lastname, email, username, password, created_at) VALUES ('Jason', 'Joseph', 'carolyntrevino@example.net', 'ricky30212', '#0l^$oE%v$sRYz$n^3&z', '2023-06-02 00:48:06.659575');
INSERT INTO "user" (firstname, lastname, email, username, password, created_at) VALUES ('Jeremy', 'Thomas', 'james53@example.com', 'reginabates116', '92ZnyeUh$hL9', '2023-05-15 22:07:26.898208');
INSERT INTO "user" (firstname, lastname, email, username, password, created_at) VALUES ('Ronald', 'Bradshaw', 'abigailgross@example.com', 'smurphy600', 'lrdKEbshf%beAWbHf@2', '2023-06-24 21:25:15.391609');
INSERT INTO "user" (firstname, lastname, email, username, password, created_at) VALUES ('Randy', 'Duran', 'carla75@example.org', 'jeffrey66314', '4(0KhTLlTK1t4_&C7p#', '2023-04-14 20:17:25.341839');
INSERT INTO "user" (firstname, lastname, email, username, password, created_at) VALUES ('Molly', 'Cook', 'cooperdaniel@example.com', 'stephensonashley471', 'n5@9$FmMEgbZZ7d7&z', '2023-06-01 10:23:10.255432');
INSERT INTO "user" (firstname, lastname, email, username, password, created_at) VALUES ('Wendy', 'Case', 'carrolldeborah@example.org', 'ythomas446', 'Kg2GGhYp1#!tr5)', '2023-01-16 12:28:57.436803');
INSERT INTO "user" (firstname, lastname, email, username, password, created_at) VALUES ('Michael', 'Barton', 'qgreen@example.com', 'cellis531', 'P0u1gqg@$b4gO', '2023-01-02 18:50:59.985407');
INSERT INTO "user" (firstname, lastname, email, username, password, created_at) VALUES ('Angela', 'Wallace', 'keyalfred@example.com', 'robertritter301', 'l18X6s_z^(&y!q', '2023-06-11 09:30:23.061939');
INSERT INTO "user" (firstname, lastname, email, username, password, created_at) VALUES ('Cody', 'Moreno', 'nicholassmith@example.net', 'salazarspencer254', 'bawfUBqIUF^@2GVp', '2023-03-25 11:07:28.384638');
INSERT INTO "user" (firstname, lastname, email, username, password, created_at) VALUES ('Chelsea', 'Bradley', 'erika35@example.com', 'daniel11635', 'h7hPaaf6O(9@', '2023-01-01 12:01:15.259088');
INSERT INTO "user" (firstname, lastname, email, username, password, created_at) VALUES ('Angela', 'Fitzgerald', 'wilkersonamy@example.org', 'mjacobs606', 'g8E+fDnmhOKDgC9zF4j', '2023-03-07 16:46:08.247309');
INSERT INTO "user" (firstname, lastname, email, username, password, created_at) VALUES ('Christopher', 'Roberts', 'obell@example.com', 'edwardevans135', 'WE9m#eTl2G!59xf)1T!B', '2023-01-24 04:43:15.027576');
INSERT INTO "user" (firstname, lastname, email, username, password, created_at) VALUES ('Lisa', 'Austin', 'bridget39@example.org', 'hobbsamy309', '8q8yYbpK%N', '2023-06-29 00:34:21.738101');
INSERT INTO "user" (firstname, lastname, email, username, password, created_at) VALUES ('Jessica', 'Lowe', 'matthew38@example.com', 'michael14544', 'zV3+J8cqhKyHSLlW*z', '2023-05-25 10:55:28.426788');
INSERT INTO "user" (firstname, lastname, email, username, password, created_at) VALUES ('Anne', 'Ho', 'tracyreed@example.org', 'ptaylor942', 'Z!s06H4d&', '2023-03-24 18:33:58.486016');
INSERT INTO "user" (firstname, lastname, email, username, password, created_at) VALUES ('Sean', 'Short', 'amber65@example.net', 'pmartin744', ')y(%Yccq$F7DF@5fKG#', '2023-04-15 06:11:15.016413');
INSERT INTO "user" (firstname, lastname, email, username, password, created_at) VALUES ('Charles', 'House', 'martinjoshua@example.net', 'leegail109', '@793dvjwdY2RD2x_o+x', '2023-06-22 01:56:31.328800');
INSERT INTO "user" (firstname, lastname, email, username, password, created_at) VALUES ('Brian', 'Murphy', 'seanhernandez@example.net', 'tjimenez359', '&HwZ0wtc32uiLeet^pM', '2023-04-12 10:45:35.408778');
INSERT INTO "user" (firstname, lastname, email, username, password, created_at) VALUES ('Clinton', 'Graves', 'kendraweiss@example.com', 'ksuarez773', '+1^F9zlb%vYZmzSode', '2023-06-29 12:09:27.107903');
INSERT INTO "user" (firstname, lastname, email, username, password, created_at) VALUES ('Larry', 'Wilcox', 'trevor83@example.net', 'imercado190', '%RQivo*nXnbCS!V&$2_q', '2023-01-10 05:58:33.355006');
INSERT INTO "user" (firstname, lastname, email, username, password, created_at) VALUES ('David', 'Blake', 'rachelfowler@example.org', 'anguyen398', '*6TwIFBZkvQVCqP^', '2023-06-11 07:42:47.387698');
INSERT INTO "user" (firstname, lastname, email, username, password, created_at) VALUES ('Taylor', 'Garrett', 'hernandezkenneth@example.com', 'burgessjerome306', 'Ze^yGVsgP1S2xib', '2023-06-10 04:23:02.304746');
INSERT INTO "user" (firstname, lastname, email, username, password, created_at) VALUES ('Nancy', 'Smith', 'jeffbutler@example.net', 'huntjennifer660', '4^KIu1pcsT', '2023-04-06 09:27:10.061647');
INSERT INTO "user" (firstname, lastname, email, username, password, created_at) VALUES ('Dale', 'Fisher', 'danny19@example.net', 'nicholsonanthony183', '+hYHUx)4hskCrCxz0', '2023-04-07 18:24:31.802002');
INSERT INTO "user" (firstname, lastname, email, username, password, created_at) VALUES ('Evelyn', 'Perez', 'daniellewalker@example.com', 'gainesbarry626', 'nj^%LWGVw7Icu', '2023-02-22 03:21:06.527384');
INSERT INTO "user" (firstname, lastname, email, username, password, created_at) VALUES ('Daniel', 'Martin', 'mitchelljoseph@example.net', 'jennifer45953', 'yBtWaKSG&6lw', '2023-03-20 09:14:58.905111');
INSERT INTO "user" (firstname, lastname, email, username, password, created_at) VALUES ('Harry', 'Grimes', 'brenda02@example.net', 'baileystephanie966', 'KgwGU0Si@tpm5pNn8U@f', '2023-04-27 08:07:56.619267');
INSERT INTO "user" (firstname, lastname, email, username, password, created_at) VALUES ('Jennifer', 'Hill', 'charleshendrix@example.org', 'brittany21179', '@ayKd5LBy5QJ(2wd0', '2023-03-06 18:20:04.872434');
INSERT INTO "user" (firstname, lastname, email, username, password, created_at) VALUES ('Kristie', 'Keith', 'hlee@example.com', 'robin65606', '4NeS%ytnW5O*McTpy', '2023-01-12 18:00:41.831902');
INSERT INTO "user" (firstname, lastname, email, username, password, created_at) VALUES ('Jerome', 'Donovan', 'yhenderson@example.org', 'joshuareese802', '(k6oCVrf!yQQzXZp!g', '2023-06-24 02:44:25.449495');
INSERT INTO "user" (firstname, lastname, email, username, password, created_at) VALUES ('Destiny', 'Taylor', 'christopher32@example.net', 'katie41528', '_$%bP4y2%KWS7B', '2023-03-29 08:21:55.635391');
INSERT INTO "user" (firstname, lastname, email, username, password, created_at) VALUES ('Stuart', 'Warren', 'jenniferschmidt@example.net', 'qcook592', '_%7BhCvp5&', '2023-03-02 23:29:14.042361');
INSERT INTO "user" (firstname, lastname, email, username, password, created_at) VALUES ('Tabitha', 'Williams', 'fshelton@example.com', 'xsmith858', '@ov8J*eq', '2023-04-28 20:04:45.796814');
INSERT INTO "user" (firstname, lastname, email, username, password, created_at) VALUES ('Jacob', 'Gilmore', 'ksellers@example.com', 'jessica87643', '^4%You$KsO', '2023-04-15 17:04:09.807227');
INSERT INTO "user" (firstname, lastname, email, username, password, created_at) VALUES ('Gabriela', 'York', 'jenniferrowland@example.com', 'gordon79419', 'O^q+2Ofo', '2023-02-09 01:50:02.915175');
INSERT INTO "user" (firstname, lastname, email, username, password, created_at) VALUES ('Mitchell', 'Gonzalez', 'traceygallagher@example.org', 'scottbelinda930', '5h@efWEZ$XII*v$m', '2023-03-21 23:26:20.848506');
INSERT INTO "user" (firstname, lastname, email, username, password, created_at) VALUES ('David', 'Russell', 'martinkenneth@example.net', 'collierjennifer869', 'EU(y0U6qV6F', '2023-06-02 01:01:44.533699');
INSERT INTO "user" (firstname, lastname, email, username, password, created_at) VALUES ('Jeffrey', 'Maynard', 'christophernelson@example.net', 'richardmurphy745', '&)8jSduryM0R3k', '2023-04-24 21:14:47.531444');
INSERT INTO "user" (firstname, lastname, email, username, password, created_at) VALUES ('Kimberly', 'Rodriguez', 'sandrawalker@example.net', 'daniel15367', '#_Kr3RvpLs7', '2023-06-26 03:32:40.758333');
INSERT INTO "user" (firstname, lastname, email, username, password, created_at) VALUES ('Carla', 'Hampton', 'george97@example.net', 'lowechristopher957', 'BA3qOlb_)f', '2023-05-27 11:49:15.504689');
INSERT INTO "user" (firstname, lastname, email, username, password, created_at) VALUES ('Patrick', 'White', 'belljames@example.org', 'kristin61973', 'wb3DDhVD(5JY', '2023-02-11 20:17:47.958332');
INSERT INTO "user" (firstname, lastname, email, username, password, created_at) VALUES ('Veronica', 'Odonnell', 'dorseyerica@example.com', 'ricardo84482', 'h1^Qh_Qf*F4Wl', '2023-01-19 03:22:52.135373');
INSERT INTO "user" (firstname, lastname, email, username, password, created_at) VALUES ('Joshua', 'Miller', 'alexandra24@example.net', 'zvargas295', '(OuJW_!Aw7Fl', '2023-01-27 15:03:45.101013');
INSERT INTO "user" (firstname, lastname, email, username, password, created_at) VALUES ('Deborah', 'Guerrero', 'moniquegibbs@example.org', 'xbass441', '&$8BObCi', '2023-01-10 16:48:13.309177');
INSERT INTO "user" (firstname, lastname, email, username, password, created_at) VALUES ('Alyssa', 'Johnson', 'bowmanryan@example.net', 'ejones944', '@59&6D%vNxJ', '2023-02-06 18:39:21.950507');
INSERT INTO "user" (firstname, lastname, email, username, password, created_at) VALUES ('Jay', 'Johnson', 'stephanie92@example.com', 'zjohnson686', '@8eG+YSs)', '2023-02-11 14:42:11.321305');
INSERT INTO "user" (firstname, lastname, email, username, password, created_at) VALUES ('Samuel', 'Benitez', 'johnsonmadison@example.org', 'heidinelson616', 'qle1mc(V#fJGKs5bZ', '2023-06-23 06:49:29.913545');
INSERT INTO "user" (firstname, lastname, email, username, password, created_at) VALUES ('Eric', 'Cruz', 'zimmermanmichael@example.com', 'geraldrussell127', '@Z%961Em', '2023-03-10 19:40:36.188857');
INSERT INTO "user" (firstname, lastname, email, username, password, created_at) VALUES ('Angela', 'Conway', 'scottjones@example.org', 'samuel44562', '%Kt5j_XQ!76+5E_p', '2023-04-28 17:02:56.950391');
INSERT INTO "user" (firstname, lastname, email, username, password, created_at) VALUES ('Sean', 'Moore', 'moorejill@example.org', 'paulmccarthy536', 'l!F1ZXUn', '2023-01-20 23:39:16.367594');
INSERT INTO "user" (firstname, lastname, email, username, password, created_at) VALUES ('Renee', 'Richardson', 'vcummings@example.org', 'melanie17226', 'X+0AYh@c', '2023-02-20 18:03:28.069467');
INSERT INTO "user" (firstname, lastname, email, username, password, created_at) VALUES ('Sandra', 'Garza', 'stephen83@example.org', 'johnsonrichard151', 'X5ZzSgr5#+M$gL#u50b', '2023-01-03 10:58:41.560179');
INSERT INTO "user" (firstname, lastname, email, username, password, created_at) VALUES ('Beverly', 'Barnett', 'carlythomas@example.org', 'marvin17657', 'b_!Xps%Q5&E6KkeTnFJ', '2023-01-09 18:05:46.925802');
INSERT INTO "user" (firstname, lastname, email, username, password, created_at) VALUES ('Benjamin', 'Bennett', 'dlewis@example.net', 'lrusso214', '*34Y!6FLk9f!8_GkBsrN', '2023-01-25 17:05:31.023020');
INSERT INTO "user" (firstname, lastname, email, username, password, created_at) VALUES ('Michael', 'Garcia', 'jessicalopez@example.com', 'connorcopeland142', '+&vxf9__)53mSq9K', '2023-05-31 21:34:23.104590');
INSERT INTO "user" (firstname, lastname, email, username, password, created_at) VALUES ('Patrick', 'Richards', 'hpope@example.org', 'joseph74418', '4hCL(k$aL7v72oURH_', '2023-01-08 06:35:56.621603');
INSERT INTO "user" (firstname, lastname, email, username, password, created_at) VALUES ('Andrew', 'Elliott', 'littlejoseph@example.net', 'delgadojames701', '@1I!IN@a$ePn7x', '2023-05-12 21:39:04.702012');
INSERT INTO "user" (firstname, lastname, email, username, password, created_at) VALUES ('Eric', 'Fischer', 'blackpaula@example.org', 'lopezlindsay548', 'nri2gJs(@$IEO##WZ', '2023-03-18 10:04:30.134804');
INSERT INTO "user" (firstname, lastname, email, username, password, created_at) VALUES ('Kimberly', 'Hernandez', 'jack04@example.com', 'mary57335', 'f0)AnUnL(wPB', '2023-05-04 03:23:52.483991');
INSERT INTO "user" (firstname, lastname, email, username, password, created_at) VALUES ('Christian', 'Soto', 'kim55@example.org', 'vbryant897', 'E7R1XYeS+VNkg', '2023-06-03 10:24:52.497365');
INSERT INTO "user" (firstname, lastname, email, username, password, created_at) VALUES ('Danielle', 'Simmons', 'gonzalezrichard@example.net', 'wcastro343', ')Wb7o5frFJ+Iy)Y$T', '2023-03-28 08:56:53.330959');
INSERT INTO "user" (firstname, lastname, email, username, password, created_at) VALUES ('David', 'Gibson', 'marshalljoseph@example.net', 'brownnathaniel269', '52^2A8e7!R8^0y', '2023-05-29 05:01:13.521551');
INSERT INTO "user" (firstname, lastname, email, username, password, created_at) VALUES ('Laura', 'Petty', 'josephramsey@example.org', 'jamie55749', 'YB!ZWDsP7Ws1qJrS', '2023-02-23 05:56:45.262540');
INSERT INTO "user" (firstname, lastname, email, username, password, created_at) VALUES ('Tammy', 'Weber', 'rachellong@example.net', 'jerrynelson572', ')qp%t&&W!R9ES4', '2023-05-20 18:49:29.369025');
INSERT INTO "user" (firstname, lastname, email, username, password, created_at) VALUES ('Richard', 'Clark', 'alice65@example.net', 'david18416', '07ItL#&S)9XxTL', '2023-05-16 08:48:34.092083');
INSERT INTO "user" (firstname, lastname, email, username, password, created_at) VALUES ('Willie', 'Mckay', 'hannajoseph@example.com', 'catherinemolina860', 'ZAa%6SzTGJ', '2023-05-20 11:05:40.469068');
INSERT INTO "user" (firstname, lastname, email, username, password, created_at) VALUES ('Kimberly', 'Smith', 'gregory88@example.net', 'heather41707', '$mZ5A1u_RC1CbE', '2023-04-24 22:47:23.283976');
INSERT INTO "user" (firstname, lastname, email, username, password, created_at) VALUES ('Heather', 'Reyes', 'elizabeth66@example.org', 'jacob90562', 'g7nF4#z@+8E', '2023-01-25 13:26:22.099191');
INSERT INTO "user" (firstname, lastname, email, username, password, created_at) VALUES ('Nathan', 'Lopez', 'robert21@example.net', 'andrea39759', '(3_q#pirb(e_Je!bBF9', '2023-02-04 05:00:22.166123');
INSERT INTO "user" (firstname, lastname, email, username, password, created_at) VALUES ('Thomas', 'Campbell', 'maryhughes@example.org', 'hannahvillanueva692', 'ULXFaaW+v(nAX9', '2023-03-01 02:44:13.903209');
INSERT INTO "user" (firstname, lastname, email, username, password, created_at) VALUES ('John', 'Taylor', 'imcdowell@example.net', 'garciapatricia793', '7j8LTF)n!L*4TKf3v', '2023-05-26 09:10:28.702642');
INSERT INTO "user" (firstname, lastname, email, username, password, created_at) VALUES ('Steven', 'Powell', 'stephaniemckinney@example.org', 'sarahward230', '*shWigK!f&9', '2023-06-24 21:19:25.620874');
INSERT INTO "user" (firstname, lastname, email, username, password, created_at) VALUES ('Michael', 'Melton', 'james22@example.net', 'bbowen229', 't_U2UbJ@k9lkzjgF', '2023-03-09 20:52:46.277668');
INSERT INTO "user" (firstname, lastname, email, username, password, created_at) VALUES ('Carl', 'Rodriguez', 'olivia63@example.com', 'drich904', 'Y1$)t_TW02%K66b6%', '2023-02-14 03:40:03.422006');
INSERT INTO "user" (firstname, lastname, email, username, password, created_at) VALUES ('Jasmine', 'Mays', 'salasjeffrey@example.org', 'mccoycarol934', 'QGcMpQEEeP1&2a2tY', '2023-01-18 09:39:06.796016');
INSERT INTO "user" (firstname, lastname, email, username, password, created_at) VALUES ('Teresa', 'Duncan', 'plee@example.com', 'benjamin16235', 'W&&5HICpL09C$g', '2023-06-15 21:43:53.388355');
INSERT INTO "user" (firstname, lastname, email, username, password, created_at) VALUES ('Michelle', 'Vaughn', 'hodgeapril@example.net', 'walkerjoseph767', 'No_i3oKMFcl@*bWcv1N0', '2023-03-27 04:31:22.238633');
INSERT INTO "user" (firstname, lastname, email, username, password, created_at) VALUES ('Samantha', 'Parker', 'rubensheppard@example.net', 'christopherortiz339', '#)CfRJS(&ec7DpDP_3', '2023-03-28 16:49:21.094549');
INSERT INTO "user" (firstname, lastname, email, username, password, created_at) VALUES ('Shawn', 'Harris', 'elizabeth20@example.org', 'usingh862', 'x8$uswpRBV6$Bvz)', '2023-04-28 14:35:23.944015');
INSERT INTO "user" (firstname, lastname, email, username, password, created_at) VALUES ('Roger', 'Norris', 'gary30@example.org', 'browncynthia477', 'K00R1j9)e$z)GxvgdI5', '2023-03-09 15:38:12.436015');
INSERT INTO "user" (firstname, lastname, email, username, password, created_at) VALUES ('Rachel', 'Avila', 'susanyoder@example.org', 'william22135', '(Z$mer(ge9TU)', '2023-05-21 09:53:25.782375');
INSERT INTO "user" (firstname, lastname, email, username, password, created_at) VALUES ('Cole', 'Lawrence', 'christophersanford@example.org', 'thomas37490', 'M7KRt@VbHuZDcj%T)CHy', '2023-01-17 02:58:49.649953');
INSERT INTO "user" (firstname, lastname, email, username, password, created_at) VALUES ('Larry', 'Sanders', 'hendersonjustin@example.com', 'msmith660', '$Pv3!UKg^N5Fa(^2^', '2023-03-11 17:29:08.578123');
INSERT INTO "user" (firstname, lastname, email, username, password, created_at) VALUES ('Carlos', 'Wilson', 'barbara04@example.net', 'josephmcdonald502', 'GyGfQ+Ir!2a', '2023-03-07 04:18:50.340010');
INSERT INTO "user" (firstname, lastname, email, username, password, created_at) VALUES ('Sabrina', 'White', 'brittanypowell@example.com', 'browningtyler542', '4Eq#tcDn_f', '2023-03-11 20:31:18.202101');
INSERT INTO "user" (firstname, lastname, email, username, password, created_at) VALUES ('Ronnie', 'Stephenson', 'lambjohn@example.com', 'elizabethrobinson218', 'H&xc9MIumg8&lZP0tM2s', '2023-05-17 12:52:46.584385');
INSERT INTO user_email_verification (user_id, verified_at) VALUES (1, '2023-06-28 14:36:26.218211');
INSERT INTO user_email_verification (user_id, verified_at) VALUES (2, '2023-04-02 18:25:06.633510');
INSERT INTO user_email_verification (user_id, verified_at) VALUES (3, '2023-06-08 17:00:46.070539');
INSERT INTO user_email_verification (user_id, verified_at) VALUES (4, '2023-05-05 23:09:58.040614');
INSERT INTO user_email_verification (user_id, verified_at) VALUES (5, '2023-02-17 01:05:33.546422');
INSERT INTO user_email_verification (user_id, verified_at) VALUES (6, '2023-05-04 04:49:01.025873');
INSERT INTO user_email_verification (user_id, verified_at) VALUES (7, '2023-05-02 14:20:41.289176');
INSERT INTO user_email_verification (user_id, verified_at) VALUES (8, '2023-05-02 20:33:35.601645');
INSERT INTO user_email_verification (user_id, verified_at) VALUES (9, '2023-06-09 23:31:50.180223');
INSERT INTO user_email_verification (user_id, verified_at) VALUES (10, '2023-06-06 08:31:46.284346');
INSERT INTO user_email_verification (user_id, verified_at) VALUES (11, '2023-02-16 12:23:36.422005');
INSERT INTO user_email_verification (user_id, verified_at) VALUES (12, '2023-01-31 03:00:40.992583');
INSERT INTO user_email_verification (user_id, verified_at) VALUES (13, '2023-06-17 01:39:13.275057');
INSERT INTO user_email_verification (user_id, verified_at) VALUES (14, '2023-05-23 22:54:30.493438');
INSERT INTO user_email_verification (user_id, verified_at) VALUES (15, '2023-06-02 06:51:07.243572');
INSERT INTO user_email_verification (user_id, verified_at) VALUES (16, '2023-06-12 06:24:42.529384');
INSERT INTO user_email_verification (user_id, verified_at) VALUES (17, '2023-06-29 04:29:50.610144');
INSERT INTO user_email_verification (user_id, verified_at) VALUES (18, '2023-04-17 14:36:58.494134');
INSERT INTO user_email_verification (user_id, verified_at) VALUES (19, '2023-06-09 03:40:35.447851');
INSERT INTO user_email_verification (user_id, verified_at) VALUES (20, '2023-02-09 16:38:24.352272');
INSERT INTO user_email_verification (user_id, verified_at) VALUES (21, '2023-02-25 23:40:56.346231');
INSERT INTO user_email_verification (user_id, verified_at) VALUES (22, '2023-06-23 20:54:32.046551');
INSERT INTO user_email_verification (user_id, verified_at) VALUES (23, '2023-06-22 07:40:38.400724');
INSERT INTO user_email_verification (user_id, verified_at) VALUES (24, '2023-05-20 22:40:07.290711');
INSERT INTO user_email_verification (user_id, verified_at) VALUES (25, '2023-06-15 20:35:23.281829');
INSERT INTO user_email_verification (user_id, verified_at) VALUES (26, '2023-06-11 19:21:04.733510');
INSERT INTO user_email_verification (user_id, verified_at) VALUES (27, '2023-06-29 23:01:49.733728');
INSERT INTO user_email_verification (user_id, verified_at) VALUES (28, '2023-05-25 18:52:43.093147');
INSERT INTO user_email_verification (user_id, verified_at) VALUES (29, '2023-05-02 22:36:02.653963');
INSERT INTO user_email_verification (user_id, verified_at) VALUES (30, '2023-06-22 19:03:13.266489');
INSERT INTO user_email_verification (user_id, verified_at) VALUES (31, '2023-06-29 21:24:35.710773');
INSERT INTO user_email_verification (user_id, verified_at) VALUES (32, '2023-06-11 00:54:27.458422');
INSERT INTO user_email_verification (user_id, verified_at) VALUES (33, '2023-06-29 18:19:37.927928');
INSERT INTO user_email_verification (user_id, verified_at) VALUES (34, '2023-02-13 13:39:15.384355');
INSERT INTO user_email_verification (user_id, verified_at) VALUES (35, '2023-06-27 07:14:41.906167');
INSERT INTO user_email_verification (user_id, verified_at) VALUES (36, '2023-06-22 22:28:19.437789');
INSERT INTO user_email_verification (user_id, verified_at) VALUES (37, '2023-05-20 12:43:46.585813');
INSERT INTO user_email_verification (user_id, verified_at) VALUES (38, '2023-06-10 12:46:39.678677');
INSERT INTO user_email_verification (user_id, verified_at) VALUES (39, '2023-03-11 22:44:10.644624');
INSERT INTO user_email_verification (user_id, verified_at) VALUES (40, '2023-04-22 03:37:54.457917');
INSERT INTO user_email_verification (user_id, verified_at) VALUES (41, '2023-05-16 06:41:40.633417');
INSERT INTO user_email_verification (user_id, verified_at) VALUES (42, '2023-05-26 12:52:01.564482');
INSERT INTO user_email_verification (user_id, verified_at) VALUES (43, '2023-05-04 17:53:36.087612');
INSERT INTO user_email_verification (user_id, verified_at) VALUES (44, '2023-06-29 05:32:09.713143');
INSERT INTO user_email_verification (user_id, verified_at) VALUES (45, '2023-04-09 20:13:50.664944');
INSERT INTO user_email_verification (user_id, verified_at) VALUES (46, '2023-06-26 23:57:33.090045');
INSERT INTO user_email_verification (user_id, verified_at) VALUES (47, '2023-05-27 13:54:30.791854');
INSERT INTO user_email_verification (user_id, verified_at) VALUES (48, '2023-05-31 06:11:39.137310');
INSERT INTO user_email_verification (user_id, verified_at) VALUES (49, '2023-03-28 06:09:34.339097');
INSERT INTO user_email_verification (user_id, verified_at) VALUES (50, '2023-06-16 12:06:36.534479');
INSERT INTO user_email_verification (user_id, verified_at) VALUES (51, '2023-06-09 07:02:52.219372');
INSERT INTO user_email_verification (user_id, verified_at) VALUES (52, '2023-05-07 03:23:55.693415');
INSERT INTO user_email_verification (user_id, verified_at) VALUES (53, '2023-06-27 12:06:04.668794');
INSERT INTO user_email_verification (user_id, verified_at) VALUES (54, '2023-06-27 17:44:29.427960');
INSERT INTO user_email_verification (user_id, verified_at) VALUES (55, '2023-04-23 04:47:56.309461');
INSERT INTO user_email_verification (user_id, verified_at) VALUES (56, '2023-01-19 17:59:33.367681');
INSERT INTO user_email_verification (user_id, verified_at) VALUES (57, '2023-05-17 09:53:17.701308');
INSERT INTO user_email_verification (user_id, verified_at) VALUES (58, '2023-04-02 10:20:30.021207');
INSERT INTO user_email_verification (user_id, verified_at) VALUES (59, '2023-04-30 04:26:59.330595');
INSERT INTO user_email_verification (user_id, verified_at) VALUES (60, '2023-06-13 11:23:45.738112');
INSERT INTO user_email_verification (user_id, verified_at) VALUES (61, '2023-06-26 22:23:52.479838');
INSERT INTO user_email_verification (user_id, verified_at) VALUES (62, '2023-05-01 11:09:23.974243');
INSERT INTO user_email_verification (user_id, verified_at) VALUES (63, '2023-06-02 00:16:00.539606');
INSERT INTO user_email_verification (user_id, verified_at) VALUES (64, '2023-04-04 20:27:54.393169');
INSERT INTO user_email_verification (user_id, verified_at) VALUES (65, '2023-05-05 18:15:24.065970');
INSERT INTO user_email_verification (user_id, verified_at) VALUES (66, '2023-01-28 20:36:36.512905');
INSERT INTO user_email_verification (user_id, verified_at) VALUES (67, '2023-04-21 21:19:30.365210');
INSERT INTO user_email_verification (user_id, verified_at) VALUES (68, '2023-02-15 00:47:41.845830');
INSERT INTO user_email_verification (user_id, verified_at) VALUES (69, '2023-06-28 11:31:46.839251');
INSERT INTO user_email_verification (user_id, verified_at) VALUES (70, '2023-02-26 00:02:39.470840');
INSERT INTO user_email_verification (user_id, verified_at) VALUES (71, '2023-06-21 00:38:59.714554');
INSERT INTO user_email_verification (user_id, verified_at) VALUES (72, '2023-06-07 00:25:31.040752');
INSERT INTO user_email_verification (user_id, verified_at) VALUES (73, '2023-05-31 15:11:12.070183');
INSERT INTO user_email_verification (user_id, verified_at) VALUES (74, '2023-06-20 08:53:10.629991');
INSERT INTO user_email_verification (user_id, verified_at) VALUES (75, '2023-06-09 23:08:43.642313');
INSERT INTO user_email_verification (user_id, verified_at) VALUES (76, '2023-06-27 21:15:05.381311');
INSERT INTO user_email_verification (user_id, verified_at) VALUES (77, '2023-04-12 11:50:47.711155');
INSERT INTO user_email_verification (user_id, verified_at) VALUES (78, '2023-05-30 00:06:03.428027');
INSERT INTO user_email_verification (user_id, verified_at) VALUES (79, '2023-06-08 03:55:35.823751');
INSERT INTO user_email_verification (user_id, verified_at) VALUES (80, '2023-06-01 23:28:17.363571');
INSERT INTO user_email_verification (user_id, verified_at) VALUES (81, '2023-05-18 21:44:40.503092');
INSERT INTO user_email_verification (user_id, verified_at) VALUES (82, '2023-06-15 09:50:20.754733');
INSERT INTO user_email_verification (user_id, verified_at) VALUES (83, '2023-03-08 05:23:17.107598');
INSERT INTO user_email_verification (user_id, verified_at) VALUES (84, '2023-03-27 17:24:47.787837');
INSERT INTO user_email_verification (user_id, verified_at) VALUES (85, '2023-06-27 12:08:58.645054');
INSERT INTO session (user_id, connected_at) VALUES (80, '2023-06-19 09:09:05.586314');
INSERT INTO session (user_id, connected_at) VALUES (58, '2023-04-25 14:20:02.878799');
INSERT INTO session (user_id, connected_at) VALUES (56, '2023-06-18 13:20:27.823845');
INSERT INTO session (user_id, connected_at) VALUES (79, '2023-06-22 23:39:25.971351');
INSERT INTO session (user_id, connected_at) VALUES (7, '2023-05-25 18:39:55.379127');
INSERT INTO session (user_id, connected_at) VALUES (46, '2023-06-29 14:12:04.686299');
INSERT INTO session (user_id, connected_at) VALUES (36, '2023-06-29 11:47:12.727085');
INSERT INTO session (user_id, connected_at) VALUES (61, '2023-06-27 14:54:57.488100');
INSERT INTO session (user_id, connected_at) VALUES (67, '2023-06-06 21:08:10.361665');
INSERT INTO session (user_id, connected_at) VALUES (3, '2023-06-11 12:21:18.914369');
INSERT INTO session (user_id, connected_at) VALUES (66, '2023-03-12 21:42:26.065859');
INSERT INTO session (user_id, connected_at) VALUES (47, '2023-06-19 19:06:46.798222');
INSERT INTO session (user_id, connected_at) VALUES (24, '2023-05-28 19:02:49.530025');
INSERT INTO session (user_id, connected_at) VALUES (11, '2023-05-31 14:31:02.322822');
INSERT INTO session (user_id, connected_at) VALUES (67, '2023-06-11 20:05:56.208478');
INSERT INTO session (user_id, connected_at) VALUES (51, '2023-06-29 00:22:43.479201');
INSERT INTO session (user_id, connected_at) VALUES (84, '2023-05-30 02:00:38.145969');
INSERT INTO session (user_id, connected_at) VALUES (76, '2023-06-28 23:04:51.679419');
INSERT INTO session (user_id, connected_at) VALUES (12, '2023-05-07 14:08:03.777688');
INSERT INTO session (user_id, connected_at) VALUES (51, '2023-06-11 00:57:11.380388');
INSERT INTO session (user_id, connected_at) VALUES (22, '2023-06-29 10:07:36.213813');
INSERT INTO session (user_id, connected_at) VALUES (51, '2023-06-19 17:26:03.012085');
INSERT INTO session (user_id, connected_at) VALUES (16, '2023-06-16 13:20:25.760521');
INSERT INTO session (user_id, connected_at) VALUES (81, '2023-06-27 00:00:31.216457');
INSERT INTO session (user_id, connected_at) VALUES (39, '2023-04-08 12:04:36.130381');
INSERT INTO session (user_id, connected_at) VALUES (43, '2023-06-29 16:05:54.575415');
INSERT INTO session (user_id, connected_at) VALUES (51, '2023-06-15 22:50:28.783216');
INSERT INTO session (user_id, connected_at) VALUES (70, '2023-04-17 06:15:24.853351');
INSERT INTO session (user_id, connected_at) VALUES (52, '2023-06-29 03:42:42.708306');
INSERT INTO session (user_id, connected_at) VALUES (29, '2023-05-28 06:43:27.293197');
INSERT INTO session (user_id, connected_at) VALUES (44, '2023-06-29 12:36:38.372224');
INSERT INTO session (user_id, connected_at) VALUES (35, '2023-06-29 16:54:00.840907');
INSERT INTO session (user_id, connected_at) VALUES (38, '2023-06-21 04:36:24.609139');
INSERT INTO session (user_id, connected_at) VALUES (33, '2023-06-29 21:05:17.189380');
INSERT INTO session (user_id, connected_at) VALUES (6, '2023-06-28 05:04:09.207348');
INSERT INTO session (user_id, connected_at) VALUES (75, '2023-06-18 09:06:57.710690');
INSERT INTO session (user_id, connected_at) VALUES (27, '2023-06-29 23:51:27.562086');
INSERT INTO session (user_id, connected_at) VALUES (29, '2023-05-30 11:53:49.327693');
INSERT INTO session (user_id, connected_at) VALUES (44, '2023-06-29 18:17:47.318679');
INSERT INTO session (user_id, connected_at) VALUES (5, '2023-03-08 02:36:02.625139');
INSERT INTO session (user_id, connected_at) VALUES (27, '2023-06-29 23:28:59.068896');
INSERT INTO session (user_id, connected_at) VALUES (67, '2023-06-03 07:27:26.800355');
INSERT INTO session (user_id, connected_at) VALUES (24, '2023-05-27 11:12:58.525256');
INSERT INTO session (user_id, connected_at) VALUES (55, '2023-06-29 20:35:20.487114');
INSERT INTO session (user_id, connected_at) VALUES (28, '2023-05-28 09:29:28.644953');
INSERT INTO session (user_id, connected_at) VALUES (15, '2023-06-26 21:39:38.033181');
INSERT INTO session (user_id, connected_at) VALUES (53, '2023-06-28 04:43:02.900615');
INSERT INTO session (user_id, connected_at) VALUES (30, '2023-06-28 18:20:02.066447');
INSERT INTO session (user_id, connected_at) VALUES (82, '2023-06-17 01:24:11.058949');
INSERT INTO session (user_id, connected_at) VALUES (24, '2023-06-28 03:38:59.230255');
INSERT INTO session (user_id, connected_at) VALUES (35, '2023-06-28 09:09:35.976769');
INSERT INTO session (user_id, connected_at) VALUES (5, '2023-06-24 07:29:20.809382');
INSERT INTO session (user_id, connected_at) VALUES (72, '2023-06-25 07:13:13.553710');
INSERT INTO session (user_id, connected_at) VALUES (13, '2023-06-25 07:58:03.736774');
INSERT INTO session (user_id, connected_at) VALUES (2, '2023-06-09 23:25:05.870684');
INSERT INTO session (user_id, connected_at) VALUES (4, '2023-06-05 13:03:50.670582');
INSERT INTO session (user_id, connected_at) VALUES (76, '2023-06-29 03:14:16.814404');
INSERT INTO session (user_id, connected_at) VALUES (32, '2023-06-12 20:49:44.524611');
INSERT INTO session (user_id, connected_at) VALUES (67, '2023-06-18 05:46:17.902128');
INSERT INTO session (user_id, connected_at) VALUES (81, '2023-06-05 06:43:19.332326');
INSERT INTO session (user_id, connected_at) VALUES (59, '2023-05-22 17:42:29.102575');
INSERT INTO session (user_id, connected_at) VALUES (25, '2023-06-16 17:16:36.100071');
INSERT INTO session (user_id, connected_at) VALUES (7, '2023-05-11 01:17:34.682388');
INSERT INTO session (user_id, connected_at) VALUES (70, '2023-06-14 13:35:39.882071');
INSERT INTO session (user_id, connected_at) VALUES (30, '2023-06-25 11:12:16.660863');
INSERT INTO session (user_id, connected_at) VALUES (34, '2023-05-28 12:35:59.015368');
INSERT INTO session (user_id, connected_at) VALUES (42, '2023-06-24 01:37:52.521619');
INSERT INTO session (user_id, connected_at) VALUES (27, '2023-06-29 23:56:45.481597');
INSERT INTO session (user_id, connected_at) VALUES (5, '2023-04-24 14:25:45.066082');
INSERT INTO session (user_id, connected_at) VALUES (59, '2023-05-23 23:53:41.099540');
INSERT INTO session (user_id, connected_at) VALUES (19, '2023-06-21 16:45:22.708628');
INSERT INTO session (user_id, connected_at) VALUES (18, '2023-04-19 09:55:48.331030');
INSERT INTO session (user_id, connected_at) VALUES (22, '2023-06-26 02:07:36.516287');
INSERT INTO session (user_id, connected_at) VALUES (19, '2023-06-26 12:39:30.517752');
INSERT INTO session (user_id, connected_at) VALUES (27, '2023-06-29 23:38:40.295262');
INSERT INTO session (user_id, connected_at) VALUES (58, '2023-04-28 09:41:58.763638');
INSERT INTO session (user_id, connected_at) VALUES (36, '2023-06-28 01:01:33.175710');
INSERT INTO session (user_id, connected_at) VALUES (6, '2023-06-07 02:28:52.973261');
INSERT INTO session (user_id, connected_at) VALUES (31, '2023-06-29 22:38:17.974307');
INSERT INTO session (user_id, connected_at) VALUES (15, '2023-06-02 13:03:51.984870');
INSERT INTO session (user_id, connected_at) VALUES (23, '2023-06-24 00:32:50.223611');
INSERT INTO session (user_id, connected_at) VALUES (9, '2023-06-11 22:48:04.804582');
INSERT INTO session (user_id, connected_at) VALUES (26, '2023-06-19 12:45:52.404551');
INSERT INTO session (user_id, connected_at) VALUES (56, '2023-04-07 00:29:20.601166');
INSERT INTO session (user_id, connected_at) VALUES (56, '2023-06-28 23:13:16.422877');
INSERT INTO session (user_id, connected_at) VALUES (29, '2023-05-15 15:41:03.600847');
INSERT INTO session (user_id, connected_at) VALUES (33, '2023-06-29 20:06:37.816408');
INSERT INTO session (user_id, connected_at) VALUES (20, '2023-04-24 11:17:04.088096');
INSERT INTO session (user_id, connected_at) VALUES (82, '2023-06-21 07:22:14.765100');
INSERT INTO session (user_id, connected_at) VALUES (68, '2023-06-28 13:50:52.009177');
INSERT INTO session (user_id, connected_at) VALUES (28, '2023-06-14 14:26:42.505831');
INSERT INTO session (user_id, connected_at) VALUES (69, '2023-06-28 23:05:30.341799');
INSERT INTO session (user_id, connected_at) VALUES (76, '2023-06-28 18:51:58.140399');
INSERT INTO session (user_id, connected_at) VALUES (28, '2023-06-28 01:23:57.480734');
INSERT INTO session (user_id, connected_at) VALUES (4, '2023-06-28 20:52:15.839129');
INSERT INTO session (user_id, connected_at) VALUES (6, '2023-06-13 17:00:28.100206');
INSERT INTO session (user_id, connected_at) VALUES (81, '2023-05-24 00:32:19.275255');
INSERT INTO session (user_id, connected_at) VALUES (73, '2023-06-24 05:40:03.612119');
INSERT INTO session (user_id, connected_at) VALUES (19, '2023-06-29 17:16:25.712588');
INSERT INTO session (user_id, connected_at) VALUES (81, '2023-06-17 03:10:33.341558');
INSERT INTO session (user_id, connected_at) VALUES (26, '2023-06-21 18:47:23.007502');
INSERT INTO session (user_id, connected_at) VALUES (83, '2023-04-15 14:37:54.359805');
INSERT INTO session (user_id, connected_at) VALUES (74, '2023-06-27 16:07:50.338195');
INSERT INTO session (user_id, connected_at) VALUES (4, '2023-06-27 07:33:37.538780');
INSERT INTO session (user_id, connected_at) VALUES (7, '2023-05-12 14:00:05.283078');
INSERT INTO session (user_id, connected_at) VALUES (31, '2023-06-29 22:22:07.970928');
INSERT INTO session (user_id, connected_at) VALUES (34, '2023-02-25 22:59:20.465056');
INSERT INTO session (user_id, connected_at) VALUES (68, '2023-03-02 00:54:38.554114');
INSERT INTO session (user_id, connected_at) VALUES (63, '2023-06-03 03:05:53.823373');
INSERT INTO session (user_id, connected_at) VALUES (27, '2023-06-29 23:08:35.992474');
INSERT INTO session (user_id, connected_at) VALUES (51, '2023-06-26 14:00:03.733514');
INSERT INTO session (user_id, connected_at) VALUES (31, '2023-06-29 23:10:59.544770');
INSERT INTO session (user_id, connected_at) VALUES (34, '2023-04-02 06:27:04.603776');
INSERT INTO session (user_id, connected_at) VALUES (46, '2023-06-29 16:03:40.322790');
INSERT INTO session (user_id, connected_at) VALUES (49, '2023-04-11 03:06:37.023577');
INSERT INTO session (user_id, connected_at) VALUES (31, '2023-06-29 23:27:37.515191');
INSERT INTO session (user_id, connected_at) VALUES (40, '2023-05-10 05:48:44.221280');
INSERT INTO session (user_id, connected_at) VALUES (20, '2023-06-15 12:30:07.048254');
INSERT INTO session (user_id, connected_at) VALUES (60, '2023-06-26 01:12:26.821396');
INSERT INTO session (user_id, connected_at) VALUES (38, '2023-06-21 06:33:02.517681');
INSERT INTO session (user_id, connected_at) VALUES (40, '2023-05-16 10:31:31.599108');
INSERT INTO session (user_id, connected_at) VALUES (78, '2023-06-23 22:36:34.312041');
INSERT INTO session (user_id, connected_at) VALUES (2, '2023-06-15 01:45:27.499273');
INSERT INTO session (user_id, connected_at) VALUES (39, '2023-04-20 21:51:47.811840');
INSERT INTO session (user_id, connected_at) VALUES (54, '2023-06-28 22:42:18.624345');
INSERT INTO session (user_id, connected_at) VALUES (6, '2023-06-26 01:54:55.270481');
INSERT INTO session (user_id, connected_at) VALUES (56, '2023-01-21 07:14:40.355092');
INSERT INTO session (user_id, connected_at) VALUES (37, '2023-05-23 16:59:13.963384');
INSERT INTO session (user_id, connected_at) VALUES (41, '2023-06-07 02:39:15.687424');
INSERT INTO session (user_id, connected_at) VALUES (83, '2023-05-09 22:28:32.552368');
INSERT INTO session (user_id, connected_at) VALUES (20, '2023-03-19 20:59:34.401941');
INSERT INTO session (user_id, connected_at) VALUES (15, '2023-06-18 20:20:08.619484');
INSERT INTO session (user_id, connected_at) VALUES (80, '2023-06-25 23:57:22.456844');
INSERT INTO session (user_id, connected_at) VALUES (25, '2023-06-27 17:07:17.049678');
INSERT INTO session (user_id, connected_at) VALUES (56, '2023-04-25 23:20:52.133772');
INSERT INTO session (user_id, connected_at) VALUES (58, '2023-04-23 19:25:12.119179');
INSERT INTO session (user_id, connected_at) VALUES (46, '2023-06-28 21:37:33.494435');
INSERT INTO session (user_id, connected_at) VALUES (44, '2023-06-29 23:03:46.524341');
INSERT INTO session (user_id, connected_at) VALUES (85, '2023-06-28 01:00:39.738014');
INSERT INTO session (user_id, connected_at) VALUES (78, '2023-06-07 04:57:36.614690');
INSERT INTO session (user_id, connected_at) VALUES (21, '2023-06-15 01:55:56.810677');
INSERT INTO session (user_id, connected_at) VALUES (40, '2023-06-19 11:41:27.543329');
INSERT INTO session (user_id, connected_at) VALUES (48, '2023-06-22 00:51:30.650342');
INSERT INTO session (user_id, connected_at) VALUES (42, '2023-06-23 01:40:07.842586');
INSERT INTO session (user_id, connected_at) VALUES (2, '2023-05-12 15:14:38.236803');
INSERT INTO session (user_id, connected_at) VALUES (36, '2023-06-27 03:36:49.617289');
INSERT INTO session (user_id, connected_at) VALUES (34, '2023-04-25 17:37:58.388501');
INSERT INTO session (user_id, connected_at) VALUES (13, '2023-06-23 06:42:10.422116');
INSERT INTO session (user_id, connected_at) VALUES (8, '2023-06-28 16:31:05.374346');
INSERT INTO session (user_id, connected_at) VALUES (38, '2023-06-21 11:09:31.136845');
INSERT INTO session (user_id, connected_at) VALUES (23, '2023-06-28 11:48:52.935039');
INSERT INTO session (user_id, connected_at) VALUES (75, '2023-06-17 17:21:20.696466');
INSERT INTO session (user_id, connected_at) VALUES (7, '2023-05-06 17:54:22.533388');
INSERT INTO session (user_id, connected_at) VALUES (67, '2023-04-23 07:48:17.819068');
INSERT INTO session (user_id, connected_at) VALUES (10, '2023-06-24 12:10:46.864592');
INSERT INTO session (user_id, connected_at) VALUES (38, '2023-06-11 06:21:55.726331');
INSERT INTO session (user_id, connected_at) VALUES (42, '2023-06-08 05:52:10.202942');
INSERT INTO session (user_id, connected_at) VALUES (6, '2023-05-08 18:02:40.000957');
INSERT INTO session (user_id, connected_at) VALUES (61, '2023-06-28 18:49:22.266074');
INSERT INTO session (user_id, connected_at) VALUES (74, '2023-06-23 10:10:55.065040');
INSERT INTO session (user_id, connected_at) VALUES (47, '2023-06-02 09:13:24.738454');
INSERT INTO session (user_id, connected_at) VALUES (34, '2023-03-24 13:30:29.605255');
INSERT INTO session (user_id, connected_at) VALUES (19, '2023-06-12 21:48:08.050355');
INSERT INTO session (user_id, connected_at) VALUES (58, '2023-05-17 08:53:59.094463');
INSERT INTO session (user_id, connected_at) VALUES (81, '2023-06-21 02:28:57.784329');
INSERT INTO session (user_id, connected_at) VALUES (24, '2023-05-25 07:48:48.961823');
INSERT INTO session (user_id, connected_at) VALUES (84, '2023-06-08 06:31:02.256351');
INSERT INTO session (user_id, connected_at) VALUES (74, '2023-06-26 09:07:37.582822');
INSERT INTO session (user_id, connected_at) VALUES (3, '2023-06-26 06:04:23.444829');
INSERT INTO session (user_id, connected_at) VALUES (21, '2023-04-22 19:12:12.029692');
INSERT INTO session (user_id, connected_at) VALUES (56, '2023-04-01 11:49:10.093049');
INSERT INTO session (user_id, connected_at) VALUES (10, '2023-06-10 11:47:30.328708');
INSERT INTO session (user_id, connected_at) VALUES (69, '2023-06-29 23:45:51.163845');
INSERT INTO session (user_id, connected_at) VALUES (35, '2023-06-29 21:38:08.313744');
INSERT INTO session (user_id, connected_at) VALUES (75, '2023-06-19 11:40:08.879086');
INSERT INTO session (user_id, connected_at) VALUES (83, '2023-03-17 16:40:40.217823');
INSERT INTO session (user_id, connected_at) VALUES (54, '2023-06-27 22:13:07.068996');
INSERT INTO session (user_id, connected_at) VALUES (12, '2023-02-24 03:18:55.431078');
INSERT INTO session (user_id, connected_at) VALUES (79, '2023-06-24 12:10:07.399502');
INSERT INTO session (user_id, connected_at) VALUES (49, '2023-03-30 07:39:48.014216');
INSERT INTO session (user_id, connected_at) VALUES (42, '2023-06-20 19:36:32.028616');
INSERT INTO session (user_id, connected_at) VALUES (71, '2023-06-29 05:31:19.362403');
INSERT INTO session (user_id, connected_at) VALUES (9, '2023-06-26 08:03:13.224374');
INSERT INTO session (user_id, connected_at) VALUES (27, '2023-06-29 23:28:37.429937');
INSERT INTO session (user_id, connected_at) VALUES (7, '2023-06-02 12:22:14.483590');
INSERT INTO session (user_id, connected_at) VALUES (76, '2023-06-29 15:26:45.329876');
INSERT INTO session (user_id, connected_at) VALUES (62, '2023-06-03 11:27:09.465532');
INSERT INTO session (user_id, connected_at) VALUES (48, '2023-06-26 18:17:47.591632');
INSERT INTO session (user_id, connected_at) VALUES (50, '2023-06-28 14:23:14.323833');
INSERT INTO session (user_id, connected_at) VALUES (46, '2023-06-27 00:33:30.237174');
INSERT INTO session (user_id, connected_at) VALUES (16, '2023-06-22 02:08:54.394412');
INSERT INTO session (user_id, connected_at) VALUES (56, '2023-06-05 08:53:40.506655');
INSERT INTO session (user_id, connected_at) VALUES (54, '2023-06-28 14:48:20.875951');
INSERT INTO session (user_id, connected_at) VALUES (81, '2023-06-12 10:53:48.570506');
INSERT INTO session (user_id, connected_at) VALUES (5, '2023-05-14 00:52:04.766567');
INSERT INTO session (user_id, connected_at) VALUES (5, '2023-04-02 07:01:57.776048');
INSERT INTO session (user_id, connected_at) VALUES (21, '2023-04-23 05:16:01.176730');
INSERT INTO session (user_id, connected_at) VALUES (51, '2023-06-21 20:46:18.831454');
INSERT INTO session (user_id, connected_at) VALUES (18, '2023-06-09 10:18:39.643600');
INSERT INTO session (user_id, connected_at) VALUES (78, '2023-06-10 01:02:17.466519');
INSERT INTO session (user_id, connected_at) VALUES (24, '2023-06-08 09:37:48.008114');
INSERT INTO session (user_id, connected_at) VALUES (81, '2023-06-20 20:08:58.682624');
INSERT INTO session (user_id, connected_at) VALUES (46, '2023-06-29 01:39:19.360830');
INSERT INTO session (user_id, connected_at) VALUES (62, '2023-06-05 04:51:59.917891');
INSERT INTO session (user_id, connected_at) VALUES (13, '2023-06-17 03:07:42.261120');
INSERT INTO session (user_id, connected_at) VALUES (65, '2023-06-21 07:06:48.822217');
INSERT INTO session (user_id, connected_at) VALUES (49, '2023-06-23 16:43:14.055478');
INSERT INTO session (user_id, connected_at) VALUES (2, '2023-04-28 16:03:37.804597');
INSERT INTO session (user_id, connected_at) VALUES (85, '2023-06-28 06:43:22.844462');
INSERT INTO session (user_id, connected_at) VALUES (69, '2023-06-29 10:07:34.523458');
INSERT INTO session (user_id, connected_at) VALUES (20, '2023-06-26 08:24:24.697942');
INSERT INTO session (user_id, connected_at) VALUES (7, '2023-06-16 13:55:07.716437');
INSERT INTO session (user_id, connected_at) VALUES (56, '2023-04-19 04:17:36.792111');
INSERT INTO session (user_id, connected_at) VALUES (58, '2023-05-04 16:15:40.345411');
INSERT INTO session (user_id, connected_at) VALUES (33, '2023-06-29 22:43:21.344843');
INSERT INTO session (user_id, connected_at) VALUES (78, '2023-06-06 13:53:52.072130');
INSERT INTO session (user_id, connected_at) VALUES (12, '2023-03-27 07:49:35.802639');
INSERT INTO session (user_id, connected_at) VALUES (28, '2023-06-10 13:23:29.037793');
INSERT INTO session (user_id, connected_at) VALUES (36, '2023-06-23 12:34:13.864455');
INSERT INTO session (user_id, connected_at) VALUES (22, '2023-06-27 19:13:44.071936');
INSERT INTO session (user_id, connected_at) VALUES (23, '2023-06-25 09:01:41.542529');
INSERT INTO session (user_id, connected_at) VALUES (4, '2023-05-12 09:01:30.951379');
INSERT INTO session (user_id, connected_at) VALUES (19, '2023-06-11 01:57:28.909132');
INSERT INTO session (user_id, connected_at) VALUES (47, '2023-06-27 07:12:23.271016');
INSERT INTO session (user_id, connected_at) VALUES (65, '2023-05-25 00:08:28.901287');
INSERT INTO session (user_id, connected_at) VALUES (53, '2023-06-28 04:47:44.465518');
INSERT INTO session (user_id, connected_at) VALUES (61, '2023-06-28 18:12:55.143851');
INSERT INTO session (user_id, connected_at) VALUES (75, '2023-06-14 10:45:29.733717');
INSERT INTO session (user_id, connected_at) VALUES (51, '2023-06-29 11:18:54.709265');
INSERT INTO session (user_id, connected_at) VALUES (9, '2023-06-27 00:03:56.817720');
INSERT INTO session (user_id, connected_at) VALUES (13, '2023-06-28 18:31:17.238862');
INSERT INTO session (user_id, connected_at) VALUES (63, '2023-06-14 05:29:43.940921');
INSERT INTO session (user_id, connected_at) VALUES (36, '2023-06-24 09:36:15.831794');
INSERT INTO session (user_id, connected_at) VALUES (1, '2023-06-29 11:40:16.285980');
INSERT INTO session (user_id, connected_at) VALUES (47, '2023-06-13 11:13:22.727128');
INSERT INTO session (user_id, connected_at) VALUES (61, '2023-06-28 17:41:02.954818');
INSERT INTO session (user_id, connected_at) VALUES (36, '2023-06-27 02:58:06.422248');
INSERT INTO session (user_id, connected_at) VALUES (21, '2023-05-08 19:59:01.564130');
INSERT INTO session (user_id, connected_at) VALUES (7, '2023-05-25 11:25:17.088824');
INSERT INTO session (user_id, connected_at) VALUES (80, '2023-06-18 09:09:17.030799');
INSERT INTO session (user_id, connected_at) VALUES (11, '2023-03-26 13:17:47.686179');
INSERT INTO session (user_id, connected_at) VALUES (29, '2023-05-21 17:19:18.392615');
INSERT INTO session (user_id, connected_at) VALUES (44, '2023-06-29 16:54:40.079762');
INSERT INTO session (user_id, connected_at) VALUES (82, '2023-06-26 20:44:35.822304');
INSERT INTO session (user_id, connected_at) VALUES (30, '2023-06-23 21:12:15.605991');
INSERT INTO session (user_id, connected_at) VALUES (72, '2023-06-16 12:50:20.341478');
INSERT INTO session (user_id, connected_at) VALUES (68, '2023-06-03 20:23:17.582216');
INSERT INTO session (user_id, connected_at) VALUES (4, '2023-06-19 21:13:10.253891');
INSERT INTO session (user_id, connected_at) VALUES (33, '2023-06-29 21:01:03.333512');
INSERT INTO session (user_id, connected_at) VALUES (30, '2023-06-29 16:00:36.029518');
INSERT INTO session (user_id, connected_at) VALUES (1, '2023-06-29 21:10:22.851345');
INSERT INTO session (user_id, connected_at) VALUES (65, '2023-06-14 10:53:03.985535');
INSERT INTO session (user_id, connected_at) VALUES (1, '2023-06-29 02:55:36.390378');
INSERT INTO session (user_id, connected_at) VALUES (11, '2023-05-15 15:21:08.429766');
INSERT INTO session (user_id, connected_at) VALUES (30, '2023-06-27 21:27:46.199936');
INSERT INTO session (user_id, connected_at) VALUES (35, '2023-06-28 09:52:37.413004');
INSERT INTO session (user_id, connected_at) VALUES (16, '2023-06-15 01:37:44.341977');
INSERT INTO session (user_id, connected_at) VALUES (83, '2023-05-21 14:31:55.978535');
INSERT INTO session (user_id, connected_at) VALUES (9, '2023-06-28 16:12:31.765945');
INSERT INTO session (user_id, connected_at) VALUES (76, '2023-06-28 16:25:51.863427');
INSERT INTO session (user_id, connected_at) VALUES (71, '2023-06-21 02:42:10.588162');
INSERT INTO session (user_id, connected_at) VALUES (60, '2023-06-14 12:41:44.764069');
INSERT INTO session (user_id, connected_at) VALUES (69, '2023-06-29 21:51:27.195580');
INSERT INTO session (user_id, connected_at) VALUES (54, '2023-06-27 19:03:58.816257');
INSERT INTO session (user_id, connected_at) VALUES (15, '2023-06-09 17:53:10.392672');
INSERT INTO session (user_id, connected_at) VALUES (36, '2023-06-28 23:32:51.278212');
INSERT INTO session (user_id, connected_at) VALUES (1, '2023-06-29 03:43:35.430176');
INSERT INTO session (user_id, connected_at) VALUES (36, '2023-06-27 14:45:57.749357');
INSERT INTO session (user_id, connected_at) VALUES (45, '2023-04-22 04:53:52.414891');
INSERT INTO session (user_id, connected_at) VALUES (49, '2023-03-30 10:26:28.563727');
INSERT INTO session (user_id, connected_at) VALUES (5, '2023-02-23 21:39:32.622836');
INSERT INTO session (user_id, connected_at) VALUES (40, '2023-06-23 03:56:01.132129');
INSERT INTO session (user_id, connected_at) VALUES (55, '2023-06-25 15:07:15.427564');
INSERT INTO session (user_id, connected_at) VALUES (13, '2023-06-18 05:44:26.398694');
INSERT INTO session (user_id, connected_at) VALUES (54, '2023-06-28 06:57:30.915583');
INSERT INTO session (user_id, connected_at) VALUES (76, '2023-06-28 16:07:34.524462');
INSERT INTO session (user_id, connected_at) VALUES (74, '2023-06-25 17:29:54.926759');
INSERT INTO session (user_id, connected_at) VALUES (45, '2023-04-23 22:38:56.638409');
INSERT INTO session (user_id, connected_at) VALUES (22, '2023-06-23 22:26:31.339209');
INSERT INTO session (user_id, connected_at) VALUES (19, '2023-06-15 15:44:38.935857');
INSERT INTO session (user_id, connected_at) VALUES (59, '2023-06-09 08:52:54.881904');
INSERT INTO session (user_id, connected_at) VALUES (8, '2023-05-13 21:40:37.275620');
INSERT INTO session (user_id, connected_at) VALUES (63, '2023-06-28 15:51:35.057885');
INSERT INTO session (user_id, connected_at) VALUES (31, '2023-06-29 23:07:44.980272');
INSERT INTO session (user_id, connected_at) VALUES (5, '2023-04-27 02:43:16.087193');
INSERT INTO session (user_id, connected_at) VALUES (15, '2023-06-09 20:13:09.550665');
INSERT INTO session (user_id, connected_at) VALUES (66, '2023-03-21 13:58:04.146677');
INSERT INTO session (user_id, connected_at) VALUES (69, '2023-06-29 09:01:37.391172');
INSERT INTO session (user_id, connected_at) VALUES (12, '2023-04-20 16:13:24.278798');
INSERT INTO session (user_id, connected_at) VALUES (78, '2023-06-03 04:34:21.178386');
INSERT INTO session (user_id, connected_at) VALUES (34, '2023-06-10 18:40:41.152195');
INSERT INTO session (user_id, connected_at) VALUES (37, '2023-06-12 21:40:14.075508');
INSERT INTO session (user_id, connected_at) VALUES (30, '2023-06-24 19:35:41.239467');
INSERT INTO session (user_id, connected_at) VALUES (38, '2023-06-21 04:32:16.105052');
INSERT INTO session (user_id, connected_at) VALUES (66, '2023-06-05 07:54:02.314050');
INSERT INTO session (user_id, connected_at) VALUES (55, '2023-04-27 04:23:04.751112');
INSERT INTO session (user_id, connected_at) VALUES (16, '2023-06-28 07:05:04.623471');
INSERT INTO session (user_id, connected_at) VALUES (34, '2023-03-10 14:26:08.733544');
INSERT INTO session (user_id, connected_at) VALUES (61, '2023-06-28 01:04:14.365503');
INSERT INTO session (user_id, connected_at) VALUES (27, '2023-06-29 23:25:00.053270');
INSERT INTO session (user_id, connected_at) VALUES (6, '2023-05-14 04:01:47.178855');
INSERT INTO session (user_id, connected_at) VALUES (45, '2023-04-19 21:39:46.990265');
INSERT INTO session (user_id, connected_at) VALUES (17, '2023-06-29 13:02:58.413353');
INSERT INTO session (user_id, connected_at) VALUES (49, '2023-04-01 11:17:35.936101');
INSERT INTO session (user_id, connected_at) VALUES (47, '2023-06-09 04:07:12.740692');
INSERT INTO session (user_id, connected_at) VALUES (49, '2023-03-29 01:56:05.874678');
INSERT INTO session (user_id, connected_at) VALUES (39, '2023-03-12 06:44:07.470235');
INSERT INTO session (user_id, connected_at) VALUES (85, '2023-06-29 11:01:17.663949');
INSERT INTO session (user_id, connected_at) VALUES (58, '2023-05-14 16:27:54.221638');
INSERT INTO session (user_id, connected_at) VALUES (72, '2023-06-20 08:48:09.405049');
INSERT INTO session (user_id, connected_at) VALUES (21, '2023-06-29 12:39:20.730703');
INSERT INTO session (user_id, connected_at) VALUES (4, '2023-06-07 02:17:56.319710');
INSERT INTO session (user_id, connected_at) VALUES (58, '2023-04-25 10:16:02.617106');
INSERT INTO session (user_id, connected_at) VALUES (84, '2023-06-18 00:41:17.896262');
INSERT INTO session (user_id, connected_at) VALUES (10, '2023-06-14 00:21:49.727857');
INSERT INTO session (user_id, connected_at) VALUES (23, '2023-06-26 09:08:26.350513');
INSERT INTO session (user_id, connected_at) VALUES (64, '2023-04-16 22:33:29.302981');
INSERT INTO session (user_id, connected_at) VALUES (38, '2023-06-19 12:51:31.617815');
INSERT INTO session (user_id, connected_at) VALUES (39, '2023-03-29 10:56:21.312857');
INSERT INTO session (user_id, connected_at) VALUES (2, '2023-04-10 04:44:57.979988');
INSERT INTO session (user_id, connected_at) VALUES (85, '2023-06-29 12:44:26.747899');
INSERT INTO session (user_id, connected_at) VALUES (17, '2023-06-29 19:58:48.969418');
INSERT INTO session (user_id, connected_at) VALUES (82, '2023-06-23 01:29:25.151098');
INSERT INTO session (user_id, connected_at) VALUES (27, '2023-06-29 23:35:47.959947');
INSERT INTO session (user_id, connected_at) VALUES (11, '2023-04-18 00:32:50.223912');
INSERT INTO session (user_id, connected_at) VALUES (50, '2023-06-23 09:46:25.948788');
INSERT INTO session (user_id, connected_at) VALUES (35, '2023-06-28 06:51:17.429222');
INSERT INTO session (user_id, connected_at) VALUES (38, '2023-06-12 00:58:38.643055');
INSERT INTO session (user_id, connected_at) VALUES (67, '2023-05-08 20:38:34.234688');
INSERT INTO session (user_id, connected_at) VALUES (10, '2023-06-13 11:45:38.855773');
INSERT INTO session (user_id, connected_at) VALUES (25, '2023-06-22 18:12:43.504455');
INSERT INTO session (user_id, connected_at) VALUES (18, '2023-05-25 03:28:40.996499');
INSERT INTO session (user_id, connected_at) VALUES (50, '2023-06-21 14:17:50.817416');
INSERT INTO session (user_id, connected_at) VALUES (13, '2023-06-22 10:42:20.027048');
INSERT INTO session (user_id, connected_at) VALUES (3, '2023-06-26 05:02:06.764977');
INSERT INTO session (user_id, connected_at) VALUES (58, '2023-05-23 08:00:37.046286');
INSERT INTO session (user_id, connected_at) VALUES (53, '2023-06-29 01:29:34.075264');
INSERT INTO session (user_id, connected_at) VALUES (13, '2023-06-24 04:00:41.150840');
INSERT INTO session (user_id, connected_at) VALUES (56, '2023-04-17 20:33:53.860141');
INSERT INTO session (user_id, connected_at) VALUES (12, '2023-03-04 13:12:18.786816');
INSERT INTO session (user_id, connected_at) VALUES (11, '2023-06-19 18:37:44.876001');
INSERT INTO session (user_id, connected_at) VALUES (84, '2023-06-26 12:23:35.955632');
INSERT INTO session (user_id, connected_at) VALUES (60, '2023-06-25 21:15:12.672108');
INSERT INTO session (user_id, connected_at) VALUES (75, '2023-06-25 16:57:27.551830');
INSERT INTO session (user_id, connected_at) VALUES (61, '2023-06-28 21:24:13.016978');
INSERT INTO session (user_id, connected_at) VALUES (38, '2023-06-14 03:50:50.776434');
INSERT INTO session (user_id, connected_at) VALUES (69, '2023-06-29 21:56:44.401982');
INSERT INTO session (user_id, connected_at) VALUES (18, '2023-05-07 17:42:54.736427');
INSERT INTO session (user_id, connected_at) VALUES (33, '2023-06-29 23:13:36.319790');
INSERT INTO session (user_id, connected_at) VALUES (81, '2023-06-01 13:56:30.305914');
INSERT INTO session (user_id, connected_at) VALUES (82, '2023-06-24 23:44:59.443430');
INSERT INTO session (user_id, connected_at) VALUES (20, '2023-03-25 11:05:50.128452');
INSERT INTO session (user_id, connected_at) VALUES (85, '2023-06-28 09:25:38.702838');
INSERT INTO session (user_id, connected_at) VALUES (55, '2023-06-14 16:04:19.852376');
INSERT INTO session (user_id, connected_at) VALUES (84, '2023-06-17 13:21:44.207887');
INSERT INTO session (user_id, connected_at) VALUES (72, '2023-06-18 13:00:26.100919');
INSERT INTO session (user_id, connected_at) VALUES (28, '2023-05-28 09:28:37.964715');
INSERT INTO session (user_id, connected_at) VALUES (79, '2023-06-27 11:17:29.961756');
INSERT INTO session (user_id, connected_at) VALUES (57, '2023-06-29 00:27:25.822344');
INSERT INTO session (user_id, connected_at) VALUES (66, '2023-04-22 20:23:13.155686');
INSERT INTO session (user_id, connected_at) VALUES (9, '2023-06-14 04:29:15.714520');
INSERT INTO session (user_id, connected_at) VALUES (85, '2023-06-28 02:37:01.243923');
INSERT INTO session (user_id, connected_at) VALUES (9, '2023-06-18 23:48:22.773619');
INSERT INTO session (user_id, connected_at) VALUES (51, '2023-06-21 05:20:57.165557');
INSERT INTO session (user_id, connected_at) VALUES (61, '2023-06-27 18:06:11.212227');
INSERT INTO session (user_id, connected_at) VALUES (55, '2023-05-26 09:08:05.299956');
INSERT INTO session (user_id, connected_at) VALUES (20, '2023-04-09 17:39:09.735375');
INSERT INTO session (user_id, connected_at) VALUES (42, '2023-06-15 23:04:28.529560');
INSERT INTO session (user_id, connected_at) VALUES (33, '2023-06-29 19:37:28.524665');
INSERT INTO session (user_id, connected_at) VALUES (31, '2023-06-29 23:05:47.916044');
INSERT INTO session (user_id, connected_at) VALUES (80, '2023-06-10 05:34:00.425866');
INSERT INTO session (user_id, connected_at) VALUES (60, '2023-06-18 08:29:55.645481');
INSERT INTO session (user_id, connected_at) VALUES (56, '2023-04-08 08:02:06.055512');
INSERT INTO session (user_id, connected_at) VALUES (70, '2023-04-25 09:55:36.428150');
INSERT INTO session (user_id, connected_at) VALUES (16, '2023-06-27 23:13:02.590023');
INSERT INTO session (user_id, connected_at) VALUES (72, '2023-06-08 20:28:50.638400');
INSERT INTO session (user_id, connected_at) VALUES (73, '2023-06-16 08:19:10.551798');
INSERT INTO session (user_id, connected_at) VALUES (56, '2023-06-14 18:34:17.005478');
INSERT INTO session (user_id, connected_at) VALUES (10, '2023-06-25 02:41:23.811367');
INSERT INTO session (user_id, connected_at) VALUES (77, '2023-06-18 20:10:17.378283');
INSERT INTO session (user_id, connected_at) VALUES (10, '2023-06-14 11:30:08.332158');
INSERT INTO session (user_id, connected_at) VALUES (55, '2023-06-22 11:58:53.268211');
INSERT INTO session (user_id, connected_at) VALUES (1, '2023-06-29 06:26:45.467669');
INSERT INTO session (user_id, connected_at) VALUES (69, '2023-06-29 09:36:42.328603');
INSERT INTO session (user_id, connected_at) VALUES (6, '2023-06-15 04:52:21.495274');
INSERT INTO session (user_id, connected_at) VALUES (27, '2023-06-29 23:04:49.540917');
INSERT INTO session (user_id, connected_at) VALUES (67, '2023-04-26 23:52:52.820615');
INSERT INTO session (user_id, connected_at) VALUES (49, '2023-05-29 17:56:47.137030');
INSERT INTO session (user_id, connected_at) VALUES (77, '2023-05-26 03:49:31.587640');
INSERT INTO session (user_id, connected_at) VALUES (5, '2023-05-14 06:12:08.420145');
INSERT INTO session (user_id, connected_at) VALUES (69, '2023-06-28 12:44:00.602542');
INSERT INTO session (user_id, connected_at) VALUES (54, '2023-06-27 23:07:19.649717');
INSERT INTO session (user_id, connected_at) VALUES (57, '2023-05-30 08:55:59.887252');
INSERT INTO session (user_id, connected_at) VALUES (51, '2023-06-19 17:46:59.164934');
INSERT INTO session (user_id, connected_at) VALUES (67, '2023-04-24 04:27:40.977055');
INSERT INTO session (user_id, connected_at) VALUES (39, '2023-06-21 20:31:23.010005');
INSERT INTO session (user_id, connected_at) VALUES (15, '2023-06-27 20:08:24.543309');
INSERT INTO session (user_id, connected_at) VALUES (24, '2023-06-09 02:16:37.861137');
INSERT INTO session (user_id, connected_at) VALUES (45, '2023-05-23 13:14:25.255450');
INSERT INTO session (user_id, connected_at) VALUES (5, '2023-04-11 22:34:17.223770');
INSERT INTO session (user_id, connected_at) VALUES (84, '2023-05-05 23:35:04.757950');
INSERT INTO session (user_id, connected_at) VALUES (4, '2023-06-26 21:19:32.562600');
INSERT INTO session (user_id, connected_at) VALUES (32, '2023-06-12 14:02:44.004606');
INSERT INTO session (user_id, connected_at) VALUES (50, '2023-06-20 03:50:14.676350');
INSERT INTO session (user_id, connected_at) VALUES (32, '2023-06-24 12:41:30.524538');
INSERT INTO session (user_id, connected_at) VALUES (35, '2023-06-28 14:56:28.781840');
INSERT INTO session (user_id, connected_at) VALUES (85, '2023-06-29 00:28:34.972404');
INSERT INTO session (user_id, connected_at) VALUES (22, '2023-06-28 08:03:16.942855');
INSERT INTO session (user_id, connected_at) VALUES (85, '2023-06-29 09:52:20.070120');
INSERT INTO session (user_id, connected_at) VALUES (85, '2023-06-28 02:03:17.373855');
INSERT INTO session (user_id, connected_at) VALUES (67, '2023-04-28 07:32:46.910065');
INSERT INTO session (user_id, connected_at) VALUES (40, '2023-05-21 06:16:31.157357');
INSERT INTO session (user_id, connected_at) VALUES (84, '2023-06-19 22:10:11.991334');
INSERT INTO session (user_id, connected_at) VALUES (2, '2023-06-24 11:33:22.508402');
INSERT INTO session (user_id, connected_at) VALUES (66, '2023-03-16 14:56:41.246734');
INSERT INTO session (user_id, connected_at) VALUES (53, '2023-06-29 23:43:50.061267');
INSERT INTO session (user_id, connected_at) VALUES (16, '2023-06-29 23:21:23.788699');
INSERT INTO session (user_id, connected_at) VALUES (11, '2023-05-18 01:07:15.426186');
INSERT INTO session (user_id, connected_at) VALUES (63, '2023-06-18 02:33:24.563805');
INSERT INTO session (user_id, connected_at) VALUES (8, '2023-06-24 04:41:22.716710');
INSERT INTO session (user_id, connected_at) VALUES (32, '2023-06-14 08:17:08.639550');
INSERT INTO session (user_id, connected_at) VALUES (40, '2023-06-19 00:33:18.812959');
INSERT INTO session (user_id, connected_at) VALUES (46, '2023-06-29 20:17:31.210310');
INSERT INTO session (user_id, connected_at) VALUES (59, '2023-05-05 18:27:40.860888');
INSERT INTO session (user_id, connected_at) VALUES (29, '2023-06-06 14:40:47.311274');
INSERT INTO session (user_id, connected_at) VALUES (81, '2023-06-03 11:08:12.290262');
INSERT INTO session (user_id, connected_at) VALUES (33, '2023-06-29 20:37:47.542514');
INSERT INTO session (user_id, connected_at) VALUES (11, '2023-05-26 03:23:06.268023');
INSERT INTO session (user_id, connected_at) VALUES (27, '2023-06-29 23:32:22.050047');
INSERT INTO session (user_id, connected_at) VALUES (64, '2023-05-05 05:01:30.949907');
INSERT INTO session (user_id, connected_at) VALUES (20, '2023-04-12 13:20:09.693259');
INSERT INTO session (user_id, connected_at) VALUES (56, '2023-03-26 14:09:48.719780');
INSERT INTO session (user_id, connected_at) VALUES (85, '2023-06-29 14:25:52.969518');
INSERT INTO session (user_id, connected_at) VALUES (60, '2023-06-25 13:19:46.357901');
INSERT INTO session (user_id, connected_at) VALUES (50, '2023-06-27 10:57:25.293818');
INSERT INTO session (user_id, connected_at) VALUES (83, '2023-05-05 03:46:56.967404');
INSERT INTO session (user_id, connected_at) VALUES (80, '2023-06-13 22:36:05.751288');
INSERT INTO session (user_id, connected_at) VALUES (55, '2023-06-08 05:51:09.870223');
INSERT INTO session (user_id, connected_at) VALUES (59, '2023-05-26 09:20:52.494111');
INSERT INTO session (user_id, connected_at) VALUES (42, '2023-05-30 05:42:52.724479');
INSERT INTO session (user_id, connected_at) VALUES (80, '2023-06-17 21:43:28.693613');
INSERT INTO session (user_id, connected_at) VALUES (32, '2023-06-17 23:58:54.172556');
INSERT INTO session (user_id, connected_at) VALUES (69, '2023-06-29 22:57:06.198001');
INSERT INTO session (user_id, connected_at) VALUES (70, '2023-04-06 19:23:59.817806');
INSERT INTO session (user_id, connected_at) VALUES (6, '2023-06-15 05:24:43.509880');
INSERT INTO session (user_id, connected_at) VALUES (17, '2023-06-29 16:09:01.567544');
INSERT INTO session (user_id, connected_at) VALUES (56, '2023-02-09 03:19:47.581916');
INSERT INTO session (user_id, connected_at) VALUES (56, '2023-05-06 10:25:12.684557');
INSERT INTO session (user_id, connected_at) VALUES (36, '2023-06-24 07:19:28.056914');
INSERT INTO session (user_id, connected_at) VALUES (8, '2023-06-08 09:31:44.236165');
INSERT INTO session (user_id, connected_at) VALUES (34, '2023-02-22 10:48:57.284541');
INSERT INTO session (user_id, connected_at) VALUES (69, '2023-06-29 15:42:19.665626');
INSERT INTO session (user_id, connected_at) VALUES (10, '2023-06-11 04:18:02.544983');
INSERT INTO session (user_id, connected_at) VALUES (14, '2023-06-16 19:30:17.614976');
INSERT INTO session (user_id, connected_at) VALUES (40, '2023-05-25 04:50:03.787508');
INSERT INTO session (user_id, connected_at) VALUES (36, '2023-06-24 16:24:28.282248');
INSERT INTO session (user_id, connected_at) VALUES (65, '2023-05-19 06:09:09.993086');
INSERT INTO session (user_id, connected_at) VALUES (14, '2023-05-27 22:50:46.402190');
INSERT INTO session (user_id, connected_at) VALUES (77, '2023-06-15 02:18:13.675446');
INSERT INTO session (user_id, connected_at) VALUES (63, '2023-06-28 22:59:15.130954');
INSERT INTO session (user_id, connected_at) VALUES (13, '2023-06-28 10:21:45.389810');
INSERT INTO session (user_id, connected_at) VALUES (79, '2023-06-22 15:39:05.081407');
INSERT INTO session (user_id, connected_at) VALUES (51, '2023-06-16 09:07:32.122932');
INSERT INTO session (user_id, connected_at) VALUES (22, '2023-06-24 20:49:12.526280');
INSERT INTO session (user_id, connected_at) VALUES (23, '2023-06-22 22:58:16.345160');
INSERT INTO session (user_id, connected_at) VALUES (82, '2023-06-25 23:15:24.202136');
INSERT INTO session (user_id, connected_at) VALUES (76, '2023-06-28 04:49:49.302216');
INSERT INTO session (user_id, connected_at) VALUES (71, '2023-06-29 14:56:45.059843');
INSERT INTO session (user_id, connected_at) VALUES (26, '2023-06-21 06:07:16.766790');
INSERT INTO session (user_id, connected_at) VALUES (31, '2023-06-29 23:33:42.476942');
INSERT INTO session (user_id, connected_at) VALUES (80, '2023-06-17 23:52:24.213601');
INSERT INTO session (user_id, connected_at) VALUES (55, '2023-06-03 03:38:23.051027');
INSERT INTO session (user_id, connected_at) VALUES (37, '2023-06-19 03:28:04.669666');
INSERT INTO session (user_id, connected_at) VALUES (4, '2023-05-20 01:56:17.380274');
INSERT INTO session (user_id, connected_at) VALUES (48, '2023-06-03 08:10:57.773982');
INSERT INTO session (user_id, connected_at) VALUES (2, '2023-05-18 18:14:23.001441');
INSERT INTO session (user_id, connected_at) VALUES (79, '2023-06-21 02:41:44.627381');
INSERT INTO session (user_id, connected_at) VALUES (11, '2023-02-22 01:44:42.411131');
INSERT INTO session (user_id, connected_at) VALUES (75, '2023-06-15 16:09:21.034547');
INSERT INTO session (user_id, connected_at) VALUES (6, '2023-05-17 09:17:53.511485');
INSERT INTO session (user_id, connected_at) VALUES (53, '2023-06-28 17:08:15.165550');
INSERT INTO session (user_id, connected_at) VALUES (17, '2023-06-29 23:19:47.587981');
INSERT INTO session (user_id, connected_at) VALUES (70, '2023-05-15 22:15:15.896546');
INSERT INTO session (user_id, connected_at) VALUES (15, '2023-06-17 08:35:09.878428');
INSERT INTO session (user_id, connected_at) VALUES (26, '2023-06-22 02:58:51.624340');
INSERT INTO session (user_id, connected_at) VALUES (25, '2023-06-18 00:50:21.651501');
INSERT INTO session (user_id, connected_at) VALUES (18, '2023-05-11 04:58:21.333338');
INSERT INTO session (user_id, connected_at) VALUES (66, '2023-03-18 05:11:09.658665');
INSERT INTO session (user_id, connected_at) VALUES (15, '2023-06-11 21:59:04.402649');
INSERT INTO session (user_id, connected_at) VALUES (32, '2023-06-27 22:48:19.699889');
INSERT INTO session (user_id, connected_at) VALUES (67, '2023-04-28 15:02:08.520344');
INSERT INTO session (user_id, connected_at) VALUES (43, '2023-05-14 04:46:20.005714');
INSERT INTO session (user_id, connected_at) VALUES (21, '2023-03-18 03:32:39.020442');
INSERT INTO session (user_id, connected_at) VALUES (30, '2023-06-26 15:25:35.307109');
INSERT INTO session (user_id, connected_at) VALUES (60, '2023-06-26 19:20:37.556963');
INSERT INTO session (user_id, connected_at) VALUES (61, '2023-06-27 22:21:45.319383');
INSERT INTO session (user_id, connected_at) VALUES (18, '2023-05-05 01:19:06.610868');
INSERT INTO session (user_id, connected_at) VALUES (51, '2023-06-21 19:01:55.386590');
INSERT INTO session (user_id, connected_at) VALUES (43, '2023-05-10 10:20:09.263747');
INSERT INTO session (user_id, connected_at) VALUES (70, '2023-03-03 11:13:09.379222');
INSERT INTO session (user_id, connected_at) VALUES (8, '2023-06-06 15:40:45.566402');
INSERT INTO session (user_id, connected_at) VALUES (52, '2023-06-26 05:42:28.463580');
INSERT INTO session (user_id, connected_at) VALUES (30, '2023-06-27 00:06:34.878819');
INSERT INTO session (user_id, connected_at) VALUES (35, '2023-06-29 21:30:42.246858');
INSERT INTO session (user_id, connected_at) VALUES (34, '2023-03-17 19:01:03.567102');
INSERT INTO session (user_id, connected_at) VALUES (83, '2023-05-01 21:54:58.018646');
INSERT INTO session (user_id, connected_at) VALUES (68, '2023-03-28 08:03:39.970485');
INSERT INTO session (user_id, connected_at) VALUES (73, '2023-06-06 15:05:59.715299');
INSERT INTO session (user_id, connected_at) VALUES (59, '2023-06-25 18:59:41.260604');
INSERT INTO session (user_id, connected_at) VALUES (71, '2023-06-21 06:40:55.553389');
INSERT INTO session (user_id, connected_at) VALUES (22, '2023-06-26 02:04:08.920519');
INSERT INTO session (user_id, connected_at) VALUES (12, '2023-05-31 06:53:33.427306');
INSERT INTO session (user_id, connected_at) VALUES (35, '2023-06-28 12:29:21.868149');
INSERT INTO session (user_id, connected_at) VALUES (20, '2023-03-29 02:24:33.205757');
INSERT INTO session (user_id, connected_at) VALUES (17, '2023-06-29 17:21:48.480999');
INSERT INTO session (user_id, connected_at) VALUES (77, '2023-06-23 21:57:01.271618');
INSERT INTO session (user_id, connected_at) VALUES (68, '2023-03-17 10:05:30.721900');
INSERT INTO session (user_id, connected_at) VALUES (39, '2023-05-23 21:17:17.708340');
INSERT INTO session (user_id, connected_at) VALUES (26, '2023-06-21 01:11:28.431395');
INSERT INTO session (user_id, connected_at) VALUES (37, '2023-06-27 17:12:40.429315');
INSERT INTO session (user_id, connected_at) VALUES (24, '2023-06-08 15:48:34.589951');
INSERT INTO session (user_id, connected_at) VALUES (39, '2023-06-23 16:19:51.409065');
INSERT INTO session (user_id, connected_at) VALUES (60, '2023-06-28 06:52:37.141374');
INSERT INTO session (user_id, connected_at) VALUES (29, '2023-05-13 12:22:30.143420');
INSERT INTO session (user_id, connected_at) VALUES (38, '2023-06-20 01:17:02.050257');
INSERT INTO session (user_id, connected_at) VALUES (19, '2023-06-26 02:12:34.910768');
INSERT INTO session (user_id, connected_at) VALUES (34, '2023-03-29 13:18:56.820854');
INSERT INTO session (user_id, connected_at) VALUES (53, '2023-06-29 09:44:11.408663');
INSERT INTO session (user_id, connected_at) VALUES (78, '2023-06-25 06:19:12.253938');
INSERT INTO session (user_id, connected_at) VALUES (36, '2023-06-29 00:50:05.609805');
INSERT INTO session (user_id, connected_at) VALUES (36, '2023-06-27 14:15:49.827908');
INSERT INTO session (user_id, connected_at) VALUES (73, '2023-06-07 20:16:09.523906');
INSERT INTO session (user_id, connected_at) VALUES (64, '2023-04-21 11:56:50.773110');
INSERT INTO session (user_id, connected_at) VALUES (15, '2023-06-04 06:45:52.777131');
INSERT INTO session (user_id, connected_at) VALUES (38, '2023-06-14 20:32:47.188853');
INSERT INTO session (user_id, connected_at) VALUES (35, '2023-06-29 01:22:38.570721');
INSERT INTO session (user_id, connected_at) VALUES (11, '2023-06-11 22:21:42.254592');
INSERT INTO session (user_id, connected_at) VALUES (2, '2023-05-06 19:48:13.035193');
INSERT INTO session (user_id, connected_at) VALUES (61, '2023-06-27 07:52:10.602320');
INSERT INTO session (user_id, connected_at) VALUES (54, '2023-06-29 07:44:48.534348');
INSERT INTO session (user_id, connected_at) VALUES (64, '2023-05-16 23:20:47.678972');
INSERT INTO session (user_id, connected_at) VALUES (58, '2023-04-25 09:06:21.057957');
INSERT INTO session (user_id, connected_at) VALUES (18, '2023-06-04 15:16:34.629045');
INSERT INTO session (user_id, connected_at) VALUES (33, '2023-06-29 21:03:33.561520');
INSERT INTO session (user_id, connected_at) VALUES (18, '2023-04-18 01:59:43.744573');
INSERT INTO session (user_id, connected_at) VALUES (29, '2023-05-09 15:58:43.144636');
INSERT INTO session (user_id, connected_at) VALUES (4, '2023-05-22 09:54:24.692599');
INSERT INTO session (user_id, connected_at) VALUES (36, '2023-06-26 05:29:33.102608');
INSERT INTO session (user_id, connected_at) VALUES (16, '2023-06-27 10:13:52.043071');
INSERT INTO session (user_id, connected_at) VALUES (55, '2023-05-18 20:05:13.417860');
INSERT INTO session (user_id, connected_at) VALUES (16, '2023-06-25 21:01:31.966176');
INSERT INTO session (user_id, connected_at) VALUES (5, '2023-02-19 08:05:42.033037');
INSERT INTO session (user_id, connected_at) VALUES (8, '2023-05-06 01:45:38.088781');
INSERT INTO session (user_id, connected_at) VALUES (80, '2023-06-29 12:40:51.163138');
INSERT INTO session (user_id, connected_at) VALUES (81, '2023-06-02 23:53:54.699556');
INSERT INTO session (user_id, connected_at) VALUES (25, '2023-06-29 03:19:58.111958');
INSERT INTO session (user_id, connected_at) VALUES (1, '2023-06-29 13:09:22.181175');
INSERT INTO session (user_id, connected_at) VALUES (46, '2023-06-28 07:45:43.575858');
INSERT INTO session (user_id, connected_at) VALUES (52, '2023-05-22 19:28:50.623488');
INSERT INTO session (user_id, connected_at) VALUES (15, '2023-06-17 17:44:45.605808');
INSERT INTO session (user_id, connected_at) VALUES (24, '2023-06-01 07:37:23.100401');
INSERT INTO session (user_id, connected_at) VALUES (84, '2023-06-01 18:06:32.234576');
INSERT INTO session (user_id, connected_at) VALUES (77, '2023-04-14 22:44:12.211812');
INSERT INTO session (user_id, connected_at) VALUES (30, '2023-06-29 11:38:07.609414');
INSERT INTO session (user_id, connected_at) VALUES (42, '2023-06-09 15:36:37.532111');
INSERT INTO session (user_id, connected_at) VALUES (30, '2023-06-24 13:37:14.695796');
INSERT INTO session (user_id, connected_at) VALUES (62, '2023-05-08 07:26:30.185937');
INSERT INTO session (user_id, connected_at) VALUES (24, '2023-06-15 13:17:01.208498');
INSERT INTO session (user_id, connected_at) VALUES (76, '2023-06-28 07:40:30.533605');
INSERT INTO session (user_id, connected_at) VALUES (25, '2023-06-28 11:14:45.088152');
INSERT INTO session (user_id, connected_at) VALUES (77, '2023-05-07 18:45:37.154097');
INSERT INTO session (user_id, connected_at) VALUES (41, '2023-06-28 07:48:52.984233');
INSERT INTO session (user_id, connected_at) VALUES (29, '2023-06-20 00:39:23.500590');
INSERT INTO session (user_id, connected_at) VALUES (13, '2023-06-27 23:35:09.928900');
INSERT INTO session (user_id, connected_at) VALUES (2, '2023-04-10 01:05:31.438900');
INSERT INTO session (user_id, connected_at) VALUES (32, '2023-06-22 13:06:16.021992');
INSERT INTO session (user_id, connected_at) VALUES (23, '2023-06-26 10:08:58.327896');
INSERT INTO session (user_id, connected_at) VALUES (11, '2023-06-19 08:19:18.293929');
INSERT INTO session (user_id, connected_at) VALUES (18, '2023-06-03 02:21:17.246608');
INSERT INTO session (user_id, connected_at) VALUES (3, '2023-06-21 07:14:21.665035');
INSERT INTO session (user_id, connected_at) VALUES (6, '2023-06-29 08:29:52.524178');
INSERT INTO session (user_id, connected_at) VALUES (2, '2023-06-16 08:02:19.274060');
INSERT INTO session (user_id, connected_at) VALUES (76, '2023-06-28 21:31:08.328437');
INSERT INTO session (user_id, connected_at) VALUES (80, '2023-06-18 11:17:33.395121');
INSERT INTO session (user_id, connected_at) VALUES (18, '2023-06-10 20:36:45.487228');
INSERT INTO session (user_id, connected_at) VALUES (78, '2023-06-16 15:39:56.709713');
INSERT INTO session (user_id, connected_at) VALUES (71, '2023-06-21 01:43:59.282404');
INSERT INTO session (user_id, connected_at) VALUES (20, '2023-04-24 06:33:32.817174');
INSERT INTO session (user_id, connected_at) VALUES (41, '2023-05-20 00:17:23.506882');
INSERT INTO session (user_id, connected_at) VALUES (84, '2023-04-11 05:52:10.077044');
INSERT INTO session (user_id, connected_at) VALUES (36, '2023-06-25 14:42:20.247034');
INSERT INTO session (user_id, connected_at) VALUES (13, '2023-06-26 05:28:58.375710');
INSERT INTO session (user_id, connected_at) VALUES (56, '2023-04-11 16:53:43.365514');
INSERT INTO session (user_id, connected_at) VALUES (69, '2023-06-29 22:20:03.449308');
INSERT INTO session (user_id, connected_at) VALUES (77, '2023-05-15 23:37:42.209682');
INSERT INTO session (user_id, connected_at) VALUES (29, '2023-06-19 12:18:18.725709');
INSERT INTO session (user_id, connected_at) VALUES (76, '2023-06-28 19:53:53.144125');
INSERT INTO session (user_id, connected_at) VALUES (68, '2023-06-19 21:51:26.176581');
INSERT INTO session (user_id, connected_at) VALUES (11, '2023-03-16 00:44:30.620764');
INSERT INTO session (user_id, connected_at) VALUES (79, '2023-06-12 03:03:23.368010');
INSERT INTO session (user_id, connected_at) VALUES (43, '2023-06-09 19:38:14.051941');
INSERT INTO session (user_id, connected_at) VALUES (34, '2023-04-10 00:39:21.630266');
INSERT INTO session (user_id, connected_at) VALUES (34, '2023-02-26 13:52:29.505677');
INSERT INTO session (user_id, connected_at) VALUES (27, '2023-06-29 23:25:49.567949');
INSERT INTO session (user_id, connected_at) VALUES (37, '2023-06-28 18:43:34.811247');
INSERT INTO session (user_id, connected_at) VALUES (15, '2023-06-27 18:27:17.974293');
INSERT INTO session (user_id, connected_at) VALUES (36, '2023-06-26 08:51:07.429615');
INSERT INTO session (user_id, connected_at) VALUES (40, '2023-05-23 09:55:56.254598');
INSERT INTO session (user_id, connected_at) VALUES (61, '2023-06-27 03:34:52.582137');
INSERT INTO session (user_id, connected_at) VALUES (32, '2023-06-19 02:16:21.057543');
INSERT INTO session (user_id, connected_at) VALUES (28, '2023-06-24 18:32:01.353825');
INSERT INTO session (user_id, connected_at) VALUES (66, '2023-06-14 13:41:41.179620');
INSERT INTO session (user_id, connected_at) VALUES (44, '2023-06-29 14:40:32.283705');
INSERT INTO session (user_id, connected_at) VALUES (66, '2023-04-04 09:59:41.647603');
INSERT INTO session (user_id, connected_at) VALUES (26, '2023-06-25 19:12:11.875204');
INSERT INTO session (user_id, connected_at) VALUES (15, '2023-06-16 00:43:20.314856');
INSERT INTO session (user_id, connected_at) VALUES (75, '2023-06-22 00:18:09.911391');
INSERT INTO session (user_id, connected_at) VALUES (60, '2023-06-23 22:51:02.806466');
INSERT INTO session (user_id, connected_at) VALUES (18, '2023-06-13 20:02:39.418125');
INSERT INTO session (user_id, connected_at) VALUES (45, '2023-05-07 04:16:27.326435');
INSERT INTO session (user_id, connected_at) VALUES (81, '2023-06-01 06:17:05.884851');
INSERT INTO session (user_id, connected_at) VALUES (52, '2023-06-10 00:25:53.339911');
INSERT INTO session (user_id, connected_at) VALUES (70, '2023-05-17 04:05:10.682160');
INSERT INTO session (user_id, connected_at) VALUES (84, '2023-05-02 20:30:47.655488');
INSERT INTO session (user_id, connected_at) VALUES (32, '2023-06-24 15:04:45.911429');
INSERT INTO session (user_id, connected_at) VALUES (19, '2023-06-17 11:53:08.987897');
INSERT INTO session (user_id, connected_at) VALUES (44, '2023-06-29 08:11:03.957458');
INSERT INTO session (user_id, connected_at) VALUES (14, '2023-06-15 06:45:18.144035');
INSERT INTO session (user_id, connected_at) VALUES (68, '2023-04-17 11:24:37.456240');
INSERT INTO session (user_id, connected_at) VALUES (9, '2023-06-11 01:11:23.711902');
INSERT INTO session (user_id, connected_at) VALUES (10, '2023-06-08 03:01:43.798393');
INSERT INTO session (user_id, connected_at) VALUES (44, '2023-06-29 19:53:04.729405');
INSERT INTO session (user_id, connected_at) VALUES (27, '2023-06-29 23:12:17.763841');
INSERT INTO session (user_id, connected_at) VALUES (62, '2023-06-17 10:39:52.891692');
INSERT INTO session (user_id, connected_at) VALUES (61, '2023-06-29 10:41:23.294030');
INSERT INTO session (user_id, connected_at) VALUES (67, '2023-04-28 03:09:50.395323');
INSERT INTO session (user_id, connected_at) VALUES (39, '2023-05-17 05:37:35.794781');
INSERT INTO session (user_id, connected_at) VALUES (5, '2023-03-10 16:01:51.827800');
INSERT INTO session (user_id, connected_at) VALUES (22, '2023-06-26 18:21:41.335041');
INSERT INTO session (user_id, connected_at) VALUES (20, '2023-03-21 13:47:09.543312');
INSERT INTO session (user_id, connected_at) VALUES (61, '2023-06-27 09:32:41.453317');
INSERT INTO session (user_id, connected_at) VALUES (25, '2023-06-21 10:14:49.015944');
INSERT INTO session (user_id, connected_at) VALUES (11, '2023-06-21 01:33:36.889269');
INSERT INTO session (user_id, connected_at) VALUES (34, '2023-04-14 17:22:10.731175');
INSERT INTO session (user_id, connected_at) VALUES (59, '2023-05-09 00:25:16.826396');
INSERT INTO session (user_id, connected_at) VALUES (75, '2023-06-18 22:27:58.658837');
INSERT INTO session (user_id, connected_at) VALUES (60, '2023-06-22 09:05:50.472030');
INSERT INTO session (user_id, connected_at) VALUES (34, '2023-04-08 04:09:47.810936');
INSERT INTO session (user_id, connected_at) VALUES (9, '2023-06-16 03:37:33.300251');
INSERT INTO session (user_id, connected_at) VALUES (6, '2023-06-08 19:48:42.391275');
INSERT INTO session (user_id, connected_at) VALUES (73, '2023-06-13 03:26:05.059986');
INSERT INTO session (user_id, connected_at) VALUES (20, '2023-04-27 14:15:57.895789');
INSERT INTO session (user_id, connected_at) VALUES (75, '2023-06-16 09:46:23.693293');
INSERT INTO session (user_id, connected_at) VALUES (68, '2023-03-02 03:38:47.046198');
INSERT INTO session (user_id, connected_at) VALUES (80, '2023-06-13 19:29:21.318643');
INSERT INTO session (user_id, connected_at) VALUES (24, '2023-06-07 09:44:20.224648');
INSERT INTO session (user_id, connected_at) VALUES (65, '2023-05-14 04:51:01.499384');
INSERT INTO session (user_id, connected_at) VALUES (32, '2023-06-12 08:44:54.152818');
INSERT INTO session (user_id, connected_at) VALUES (33, '2023-06-29 21:29:10.867015');
INSERT INTO session (user_id, connected_at) VALUES (76, '2023-06-28 13:18:02.268251');
INSERT INTO session (user_id, connected_at) VALUES (30, '2023-06-27 23:25:39.921458');
INSERT INTO session (user_id, connected_at) VALUES (7, '2023-05-05 03:14:23.313642');
INSERT INTO session (user_id, connected_at) VALUES (39, '2023-06-07 03:19:01.645348');
INSERT INTO session (user_id, connected_at) VALUES (18, '2023-05-23 20:50:02.752130');
INSERT INTO session (user_id, connected_at) VALUES (43, '2023-06-17 21:50:33.865798');
INSERT INTO session (user_id, connected_at) VALUES (58, '2023-06-18 05:23:46.928568');
INSERT INTO session (user_id, connected_at) VALUES (32, '2023-06-29 02:34:18.335891');
INSERT INTO session (user_id, connected_at) VALUES (6, '2023-06-18 11:03:36.408851');
INSERT INTO session (user_id, connected_at) VALUES (54, '2023-06-29 23:28:23.015552');
INSERT INTO session (user_id, connected_at) VALUES (46, '2023-06-28 17:56:52.844352');
INSERT INTO session (user_id, connected_at) VALUES (76, '2023-06-28 06:33:35.769197');
INSERT INTO session (user_id, connected_at) VALUES (38, '2023-06-11 08:25:56.471434');
INSERT INTO session (user_id, connected_at) VALUES (84, '2023-04-17 00:15:09.627323');
INSERT INTO session (user_id, connected_at) VALUES (64, '2023-05-18 11:30:33.423770');
INSERT INTO session (user_id, connected_at) VALUES (70, '2023-04-13 02:14:44.321281');
INSERT INTO session (user_id, connected_at) VALUES (66, '2023-06-23 01:23:56.340274');
INSERT INTO session (user_id, connected_at) VALUES (30, '2023-06-24 06:36:17.265656');
INSERT INTO session (user_id, connected_at) VALUES (79, '2023-06-11 11:01:28.769917');
INSERT INTO session (user_id, connected_at) VALUES (38, '2023-06-24 23:03:01.473912');
INSERT INTO session (user_id, connected_at) VALUES (56, '2023-04-05 01:45:05.688263');
INSERT INTO session (user_id, connected_at) VALUES (65, '2023-06-08 14:42:06.899530');
INSERT INTO session (user_id, connected_at) VALUES (58, '2023-06-07 11:42:37.534296');
INSERT INTO session (user_id, connected_at) VALUES (52, '2023-05-14 02:33:11.747425');
INSERT INTO session (user_id, connected_at) VALUES (46, '2023-06-27 02:29:55.601764');
INSERT INTO session (user_id, connected_at) VALUES (64, '2023-06-27 15:16:38.513044');
INSERT INTO session (user_id, connected_at) VALUES (25, '2023-06-16 14:24:56.040051');
INSERT INTO session (user_id, connected_at) VALUES (76, '2023-06-28 23:50:55.114148');
INSERT INTO session (user_id, connected_at) VALUES (66, '2023-03-02 15:49:33.619912');
INSERT INTO session (user_id, connected_at) VALUES (59, '2023-05-27 22:14:49.935948');
INSERT INTO session (user_id, connected_at) VALUES (53, '2023-06-29 20:34:27.685204');
INSERT INTO session (user_id, connected_at) VALUES (72, '2023-06-09 05:02:42.489878');
INSERT INTO session (user_id, connected_at) VALUES (47, '2023-05-31 15:32:37.991038');
INSERT INTO session (user_id, connected_at) VALUES (42, '2023-06-01 15:20:04.656731');
INSERT INTO session (user_id, connected_at) VALUES (49, '2023-04-12 09:48:48.808711');
INSERT INTO session (user_id, connected_at) VALUES (33, '2023-06-29 18:24:25.036820');
INSERT INTO session (user_id, connected_at) VALUES (21, '2023-02-26 22:15:10.708576');
INSERT INTO session (user_id, connected_at) VALUES (42, '2023-06-24 05:04:01.819323');
INSERT INTO session (user_id, connected_at) VALUES (28, '2023-06-21 15:29:47.804254');
INSERT INTO session (user_id, connected_at) VALUES (32, '2023-06-17 20:45:46.746528');
INSERT INTO session (user_id, connected_at) VALUES (13, '2023-06-18 09:11:43.348897');
INSERT INTO session (user_id, connected_at) VALUES (39, '2023-06-15 06:13:44.218893');
INSERT INTO session (user_id, connected_at) VALUES (21, '2023-04-28 02:00:28.084210');
INSERT INTO session (user_id, connected_at) VALUES (55, '2023-05-16 20:57:07.770936');
INSERT INTO session (user_id, connected_at) VALUES (67, '2023-05-24 14:25:07.064985');
INSERT INTO session (user_id, connected_at) VALUES (80, '2023-06-15 02:19:18.633992');
INSERT INTO session (user_id, connected_at) VALUES (64, '2023-04-08 03:20:41.924520');
INSERT INTO session (user_id, connected_at) VALUES (76, '2023-06-28 01:11:58.749787');
INSERT INTO session (user_id, connected_at) VALUES (62, '2023-06-16 08:32:50.895609');
INSERT INTO session (user_id, connected_at) VALUES (50, '2023-06-20 09:21:00.808919');
INSERT INTO session (user_id, connected_at) VALUES (16, '2023-06-25 17:02:07.935602');
INSERT INTO session (user_id, connected_at) VALUES (40, '2023-05-05 17:09:37.666807');
INSERT INTO session (user_id, connected_at) VALUES (34, '2023-03-31 02:31:34.227206');
INSERT INTO session (user_id, connected_at) VALUES (39, '2023-04-28 14:45:20.471684');
INSERT INTO session (user_id, connected_at) VALUES (35, '2023-06-29 17:30:12.319597');
INSERT INTO session (user_id, connected_at) VALUES (10, '2023-06-17 10:34:35.484143');
INSERT INTO session (user_id, connected_at) VALUES (40, '2023-06-07 18:05:49.643798');
INSERT INTO session (user_id, connected_at) VALUES (16, '2023-06-19 07:26:24.284397');
INSERT INTO session (user_id, connected_at) VALUES (78, '2023-06-14 15:32:28.908774');
INSERT INTO session (user_id, connected_at) VALUES (16, '2023-06-26 05:07:21.041147');
INSERT INTO session (user_id, connected_at) VALUES (47, '2023-06-05 16:11:03.744952');
INSERT INTO session (user_id, connected_at) VALUES (30, '2023-06-27 06:51:10.711156');
INSERT INTO session (user_id, connected_at) VALUES (15, '2023-06-29 22:32:33.573712');
INSERT INTO session (user_id, connected_at) VALUES (66, '2023-03-07 08:31:01.831779');
INSERT INTO session (user_id, connected_at) VALUES (56, '2023-03-21 11:02:52.396120');
INSERT INTO session (user_id, connected_at) VALUES (68, '2023-03-29 02:04:06.987180');
INSERT INTO session (user_id, connected_at) VALUES (30, '2023-06-28 16:06:10.611260');
INSERT INTO session (user_id, connected_at) VALUES (73, '2023-06-27 15:49:01.711227');
INSERT INTO session (user_id, connected_at) VALUES (59, '2023-05-18 06:42:01.923633');
INSERT INTO session (user_id, connected_at) VALUES (38, '2023-06-29 01:01:22.296071');
INSERT INTO session (user_id, connected_at) VALUES (7, '2023-05-08 20:56:00.422699');
INSERT INTO session (user_id, connected_at) VALUES (30, '2023-06-24 02:26:20.783395');
INSERT INTO session (user_id, connected_at) VALUES (82, '2023-06-17 17:31:30.003772');
INSERT INTO session (user_id, connected_at) VALUES (52, '2023-05-23 06:31:08.041121');
INSERT INTO session (user_id, connected_at) VALUES (7, '2023-06-22 03:40:27.350546');
INSERT INTO session (user_id, connected_at) VALUES (37, '2023-06-17 13:11:42.373822');
INSERT INTO session (user_id, connected_at) VALUES (11, '2023-06-06 01:17:22.582678');
INSERT INTO session (user_id, connected_at) VALUES (22, '2023-06-28 20:27:54.313092');
INSERT INTO session (user_id, connected_at) VALUES (1, '2023-06-29 23:43:15.614335');
INSERT INTO session (user_id, connected_at) VALUES (57, '2023-06-15 13:04:34.977566');
INSERT INTO session (user_id, connected_at) VALUES (39, '2023-04-18 12:01:19.251418');
INSERT INTO session (user_id, connected_at) VALUES (62, '2023-06-04 05:16:21.675632');
INSERT INTO session (user_id, connected_at) VALUES (20, '2023-06-01 15:31:16.642617');
INSERT INTO session (user_id, connected_at) VALUES (74, '2023-06-20 20:19:00.604007');
INSERT INTO session (user_id, connected_at) VALUES (69, '2023-06-29 17:30:41.864275');
INSERT INTO session (user_id, connected_at) VALUES (48, '2023-06-23 04:31:39.377225');
INSERT INTO session (user_id, connected_at) VALUES (37, '2023-05-29 04:07:07.347383');
INSERT INTO session (user_id, connected_at) VALUES (9, '2023-06-11 01:03:38.874909');
INSERT INTO session (user_id, connected_at) VALUES (5, '2023-06-04 22:40:09.150592');
INSERT INTO session (user_id, connected_at) VALUES (40, '2023-06-16 09:29:05.574811');
INSERT INTO session (user_id, connected_at) VALUES (20, '2023-05-07 22:21:56.855615');
INSERT INTO session (user_id, connected_at) VALUES (53, '2023-06-28 12:55:50.467564');
INSERT INTO session (user_id, connected_at) VALUES (83, '2023-04-25 16:30:44.361058');
INSERT INTO session (user_id, connected_at) VALUES (71, '2023-06-28 09:45:01.186666');
INSERT INTO session (user_id, connected_at) VALUES (19, '2023-06-11 20:55:51.905972');
INSERT INTO session (user_id, connected_at) VALUES (36, '2023-06-23 06:59:46.757197');
INSERT INTO session (user_id, connected_at) VALUES (74, '2023-06-21 02:26:31.425061');
INSERT INTO session (user_id, connected_at) VALUES (71, '2023-06-25 01:22:46.537829');
INSERT INTO session (user_id, connected_at) VALUES (72, '2023-06-21 06:54:26.842993');
INSERT INTO session (user_id, connected_at) VALUES (73, '2023-06-16 03:25:29.376543');
INSERT INTO session (user_id, connected_at) VALUES (3, '2023-06-23 23:19:28.736602');
INSERT INTO session (user_id, connected_at) VALUES (50, '2023-06-19 05:48:47.113179');
INSERT INTO session (user_id, connected_at) VALUES (40, '2023-05-31 16:21:35.064698');
INSERT INTO session (user_id, connected_at) VALUES (74, '2023-06-28 15:50:52.325448');
INSERT INTO session (user_id, connected_at) VALUES (23, '2023-06-22 15:37:34.385504');
INSERT INTO session (user_id, connected_at) VALUES (62, '2023-05-20 05:36:11.808127');
INSERT INTO session (user_id, connected_at) VALUES (45, '2023-05-05 09:46:19.496012');
INSERT INTO session (user_id, connected_at) VALUES (47, '2023-06-15 11:39:46.848734');
INSERT INTO session (user_id, connected_at) VALUES (3, '2023-06-13 08:55:34.553689');
INSERT INTO session (user_id, connected_at) VALUES (38, '2023-06-21 11:11:18.138020');
INSERT INTO session (user_id, connected_at) VALUES (54, '2023-06-29 14:26:33.325325');
INSERT INTO session (user_id, connected_at) VALUES (12, '2023-02-18 14:43:55.277060');
INSERT INTO session (user_id, connected_at) VALUES (4, '2023-06-17 12:38:17.252104');
INSERT INTO session (user_id, connected_at) VALUES (72, '2023-06-26 03:53:11.408368');
INSERT INTO session (user_id, connected_at) VALUES (47, '2023-06-25 06:26:10.686486');
INSERT INTO session (user_id, connected_at) VALUES (76, '2023-06-29 05:02:56.233285');
INSERT INTO session (user_id, connected_at) VALUES (32, '2023-06-18 15:37:05.525173');
INSERT INTO session (user_id, connected_at) VALUES (49, '2023-05-11 02:39:24.227666');
INSERT INTO session (user_id, connected_at) VALUES (7, '2023-05-12 07:14:35.203182');
INSERT INTO session (user_id, connected_at) VALUES (80, '2023-06-14 12:42:40.030183');
INSERT INTO session (user_id, connected_at) VALUES (21, '2023-05-03 13:23:41.381832');
INSERT INTO session (user_id, connected_at) VALUES (74, '2023-06-29 06:47:35.591093');
INSERT INTO session (user_id, connected_at) VALUES (10, '2023-06-09 15:05:51.849231');
INSERT INTO session (user_id, connected_at) VALUES (44, '2023-06-29 22:48:35.636888');
INSERT INTO session (user_id, connected_at) VALUES (53, '2023-06-28 09:25:50.960527');
INSERT INTO session (user_id, connected_at) VALUES (73, '2023-06-15 01:20:41.819044');
INSERT INTO session (user_id, connected_at) VALUES (20, '2023-04-18 22:52:47.905334');
INSERT INTO session (user_id, connected_at) VALUES (11, '2023-04-23 18:46:19.514589');
INSERT INTO session (user_id, connected_at) VALUES (24, '2023-06-09 08:19:18.579746');
INSERT INTO session (user_id, connected_at) VALUES (22, '2023-06-29 05:47:08.472035');
INSERT INTO session (user_id, connected_at) VALUES (42, '2023-06-16 20:14:31.160144');
INSERT INTO session (user_id, connected_at) VALUES (20, '2023-06-04 06:10:45.150998');
INSERT INTO session (user_id, connected_at) VALUES (68, '2023-05-30 18:23:11.226287');
INSERT INTO session (user_id, connected_at) VALUES (6, '2023-06-21 03:38:44.717296');
INSERT INTO session (user_id, connected_at) VALUES (35, '2023-06-28 13:25:23.260383');
INSERT INTO session (user_id, connected_at) VALUES (60, '2023-06-28 06:18:50.702704');
INSERT INTO session (user_id, connected_at) VALUES (40, '2023-05-14 20:16:29.832366');
INSERT INTO session (user_id, connected_at) VALUES (79, '2023-06-22 05:35:23.644708');
INSERT INTO session (user_id, connected_at) VALUES (34, '2023-06-07 06:56:06.950262');
INSERT INTO session (user_id, connected_at) VALUES (81, '2023-06-26 12:06:52.038456');
INSERT INTO session (user_id, connected_at) VALUES (46, '2023-06-29 08:28:58.695691');
INSERT INTO session (user_id, connected_at) VALUES (51, '2023-06-14 10:10:51.596604');
INSERT INTO session (user_id, connected_at) VALUES (66, '2023-05-04 14:46:48.282161');
INSERT INTO session (user_id, connected_at) VALUES (41, '2023-05-21 10:12:17.578960');
INSERT INTO session (user_id, connected_at) VALUES (73, '2023-06-14 23:32:57.992415');
INSERT INTO session (user_id, connected_at) VALUES (27, '2023-06-29 23:45:30.215230');
INSERT INTO session (user_id, connected_at) VALUES (25, '2023-06-21 03:19:06.522098');
INSERT INTO session (user_id, connected_at) VALUES (73, '2023-06-25 03:37:10.573944');
INSERT INTO session (user_id, connected_at) VALUES (79, '2023-06-11 20:11:53.926723');
INSERT INTO session (user_id, connected_at) VALUES (40, '2023-06-27 16:31:58.969123');
INSERT INTO session (user_id, connected_at) VALUES (30, '2023-06-28 10:40:43.613378');
INSERT INTO session (user_id, connected_at) VALUES (59, '2023-06-17 10:05:30.932596');
INSERT INTO session (user_id, connected_at) VALUES (56, '2023-05-29 10:56:34.346087');
INSERT INTO session (user_id, connected_at) VALUES (51, '2023-06-16 18:05:29.664558');
INSERT INTO session (user_id, connected_at) VALUES (64, '2023-06-07 05:45:55.021271');
INSERT INTO session (user_id, connected_at) VALUES (79, '2023-06-20 19:48:03.643372');
INSERT INTO session (user_id, connected_at) VALUES (67, '2023-06-02 23:02:31.061199');
INSERT INTO session (user_id, connected_at) VALUES (28, '2023-06-02 02:51:21.823832');
INSERT INTO session (user_id, connected_at) VALUES (3, '2023-06-21 03:57:44.658557');
INSERT INTO session (user_id, connected_at) VALUES (34, '2023-04-09 18:16:25.215217');
INSERT INTO session (user_id, connected_at) VALUES (26, '2023-06-24 18:28:29.118093');
INSERT INTO session (user_id, connected_at) VALUES (1, '2023-06-28 17:03:16.607020');
INSERT INTO session (user_id, connected_at) VALUES (28, '2023-05-31 22:44:40.265688');
INSERT INTO session (user_id, connected_at) VALUES (62, '2023-06-23 06:27:31.178580');
INSERT INTO session (user_id, connected_at) VALUES (58, '2023-04-17 06:58:08.770116');
INSERT INTO session (user_id, connected_at) VALUES (69, '2023-06-28 18:42:33.407537');
INSERT INTO session (user_id, connected_at) VALUES (6, '2023-05-13 12:04:32.043837');
INSERT INTO session (user_id, connected_at) VALUES (52, '2023-06-17 02:16:21.903485');
INSERT INTO session (user_id, connected_at) VALUES (55, '2023-04-26 02:24:06.982925');
INSERT INTO session (user_id, connected_at) VALUES (80, '2023-06-06 08:05:11.983631');
INSERT INTO session (user_id, connected_at) VALUES (81, '2023-05-25 21:47:41.913179');
INSERT INTO session (user_id, connected_at) VALUES (44, '2023-06-29 12:16:16.235500');
INSERT INTO session (user_id, connected_at) VALUES (37, '2023-06-06 20:43:12.246070');
INSERT INTO session (user_id, connected_at) VALUES (54, '2023-06-28 04:48:53.834675');
INSERT INTO session (user_id, connected_at) VALUES (24, '2023-05-29 16:43:00.360416');
INSERT INTO session (user_id, connected_at) VALUES (80, '2023-06-17 04:22:59.144591');
INSERT INTO session (user_id, connected_at) VALUES (3, '2023-06-22 05:12:57.414098');
INSERT INTO session (user_id, connected_at) VALUES (66, '2023-02-06 08:17:41.903715');
INSERT INTO session (user_id, connected_at) VALUES (62, '2023-06-18 18:26:30.823051');
INSERT INTO session (user_id, connected_at) VALUES (39, '2023-05-05 13:08:10.719195');
INSERT INTO session (user_id, connected_at) VALUES (62, '2023-05-11 03:08:08.612672');
INSERT INTO session (user_id, connected_at) VALUES (35, '2023-06-28 05:19:14.911554');
INSERT INTO session (user_id, connected_at) VALUES (82, '2023-06-18 09:19:12.213248');
INSERT INTO session (user_id, connected_at) VALUES (59, '2023-05-04 11:02:27.105125');
INSERT INTO session (user_id, connected_at) VALUES (2, '2023-06-26 16:04:46.398406');
INSERT INTO session (user_id, connected_at) VALUES (15, '2023-06-23 12:45:36.562035');
INSERT INTO session (user_id, connected_at) VALUES (30, '2023-06-28 17:34:23.409531');
INSERT INTO session (user_id, connected_at) VALUES (61, '2023-06-28 05:43:13.863580');
INSERT INTO session (user_id, connected_at) VALUES (81, '2023-05-26 05:25:16.861346');
INSERT INTO session (user_id, connected_at) VALUES (33, '2023-06-29 19:48:34.962311');
INSERT INTO session (user_id, connected_at) VALUES (36, '2023-06-29 15:54:32.246913');
INSERT INTO session (user_id, connected_at) VALUES (74, '2023-06-21 07:05:38.605124');
INSERT INTO session (user_id, connected_at) VALUES (32, '2023-06-27 10:09:50.194980');
INSERT INTO session (user_id, connected_at) VALUES (10, '2023-06-22 02:13:05.913680');
INSERT INTO session (user_id, connected_at) VALUES (84, '2023-06-23 11:53:20.806731');
INSERT INTO session (user_id, connected_at) VALUES (30, '2023-06-22 19:59:28.701803');
INSERT INTO session (user_id, connected_at) VALUES (71, '2023-06-22 01:59:35.204956');
INSERT INTO session (user_id, connected_at) VALUES (18, '2023-05-02 22:07:41.809080');
INSERT INTO session (user_id, connected_at) VALUES (48, '2023-06-13 23:14:10.016448');
INSERT INTO session (user_id, connected_at) VALUES (68, '2023-04-26 05:00:06.728703');
INSERT INTO session (user_id, connected_at) VALUES (1, '2023-06-28 19:51:19.081894');
INSERT INTO session (user_id, connected_at) VALUES (32, '2023-06-22 05:01:54.846716');
INSERT INTO session (user_id, connected_at) VALUES (5, '2023-06-26 21:05:48.164567');
INSERT INTO session (user_id, connected_at) VALUES (48, '2023-05-31 11:46:14.928802');
INSERT INTO session (user_id, connected_at) VALUES (72, '2023-06-08 00:48:40.093883');
INSERT INTO session (user_id, connected_at) VALUES (42, '2023-05-31 11:00:48.050576');
INSERT INTO session (user_id, connected_at) VALUES (2, '2023-06-01 23:13:25.866118');
INSERT INTO session (user_id, connected_at) VALUES (16, '2023-06-24 10:41:21.872869');
INSERT INTO session (user_id, connected_at) VALUES (85, '2023-06-28 05:39:51.335225');
INSERT INTO session (user_id, connected_at) VALUES (56, '2023-05-12 23:06:01.522233');
INSERT INTO session (user_id, connected_at) VALUES (83, '2023-05-18 02:18:38.475674');
INSERT INTO session (user_id, connected_at) VALUES (19, '2023-06-14 07:06:11.451869');
INSERT INTO session (user_id, connected_at) VALUES (85, '2023-06-28 21:37:25.841046');
INSERT INTO session (user_id, connected_at) VALUES (23, '2023-06-23 22:21:38.317820');
INSERT INTO session (user_id, connected_at) VALUES (14, '2023-06-21 13:33:56.675601');
INSERT INTO session (user_id, connected_at) VALUES (40, '2023-05-30 11:03:33.584469');
INSERT INTO session (user_id, connected_at) VALUES (14, '2023-06-18 23:00:01.246631');
INSERT INTO session (user_id, connected_at) VALUES (48, '2023-06-06 13:49:26.633590');
INSERT INTO session (user_id, connected_at) VALUES (27, '2023-06-29 23:56:05.689665');
INSERT INTO session (user_id, connected_at) VALUES (60, '2023-06-21 17:13:04.766624');
INSERT INTO session (user_id, connected_at) VALUES (15, '2023-06-17 22:59:17.351049');
INSERT INTO session (user_id, connected_at) VALUES (81, '2023-06-09 20:47:45.659767');
INSERT INTO session (user_id, connected_at) VALUES (55, '2023-05-26 12:10:28.635017');
INSERT INTO session (user_id, connected_at) VALUES (51, '2023-06-29 00:23:22.808518');
INSERT INTO session (user_id, connected_at) VALUES (63, '2023-06-16 11:08:20.166365');
INSERT INTO session (user_id, connected_at) VALUES (53, '2023-06-28 20:51:03.732186');
INSERT INTO session (user_id, connected_at) VALUES (15, '2023-06-17 14:57:31.720358');
INSERT INTO session (user_id, connected_at) VALUES (31, '2023-06-29 23:27:42.388683');
INSERT INTO session (user_id, connected_at) VALUES (44, '2023-06-29 11:49:55.111983');
INSERT INTO session (user_id, connected_at) VALUES (65, '2023-05-28 06:43:11.532844');
INSERT INTO session (user_id, connected_at) VALUES (21, '2023-05-14 02:13:57.639514');
INSERT INTO session (user_id, connected_at) VALUES (39, '2023-05-08 05:24:24.132095');
INSERT INTO session (user_id, connected_at) VALUES (32, '2023-06-14 06:15:50.363493');
INSERT INTO session (user_id, connected_at) VALUES (18, '2023-06-16 20:46:11.283282');
INSERT INTO session (user_id, connected_at) VALUES (76, '2023-06-29 23:24:26.298787');
INSERT INTO session (user_id, connected_at) VALUES (76, '2023-06-29 11:00:57.879933');
INSERT INTO session (user_id, connected_at) VALUES (7, '2023-06-17 23:05:20.040841');
INSERT INTO session (user_id, connected_at) VALUES (45, '2023-05-16 03:19:23.753601');
INSERT INTO session (user_id, connected_at) VALUES (78, '2023-06-21 03:05:21.618409');
INSERT INTO session (user_id, connected_at) VALUES (54, '2023-06-28 22:31:50.892400');
INSERT INTO session (user_id, connected_at) VALUES (34, '2023-03-28 23:22:41.051348');
INSERT INTO session (user_id, connected_at) VALUES (33, '2023-06-29 19:11:04.012800');
INSERT INTO session (user_id, connected_at) VALUES (6, '2023-06-27 08:04:01.891776');
INSERT INTO session (user_id, connected_at) VALUES (15, '2023-06-23 22:33:58.998331');
INSERT INTO session (user_id, connected_at) VALUES (65, '2023-05-27 08:21:56.176885');
INSERT INTO session (user_id, connected_at) VALUES (31, '2023-06-29 23:41:45.548110');
INSERT INTO session (user_id, connected_at) VALUES (25, '2023-06-24 06:48:38.791981');
INSERT INTO session (user_id, connected_at) VALUES (59, '2023-06-03 02:52:20.892647');
INSERT INTO session (user_id, connected_at) VALUES (72, '2023-06-17 20:41:17.112424');
INSERT INTO session (user_id, connected_at) VALUES (79, '2023-06-28 19:45:01.506458');
INSERT INTO session (user_id, connected_at) VALUES (73, '2023-06-06 10:03:19.037331');
INSERT INTO session (user_id, connected_at) VALUES (74, '2023-06-22 10:24:58.560311');
INSERT INTO session (user_id, connected_at) VALUES (28, '2023-06-27 18:36:48.269011');
INSERT INTO session (user_id, connected_at) VALUES (67, '2023-04-21 21:48:14.532578');
INSERT INTO session (user_id, connected_at) VALUES (10, '2023-06-10 10:35:45.910416');
INSERT INTO session (user_id, connected_at) VALUES (12, '2023-03-14 05:56:53.360041');
INSERT INTO session (user_id, connected_at) VALUES (16, '2023-06-23 09:14:54.154719');
INSERT INTO session (user_id, connected_at) VALUES (75, '2023-06-17 23:22:24.612985');
INSERT INTO session (user_id, connected_at) VALUES (24, '2023-06-14 14:35:09.179229');
INSERT INTO session (user_id, connected_at) VALUES (57, '2023-06-14 23:18:57.283800');
INSERT INTO session (user_id, connected_at) VALUES (20, '2023-06-06 10:16:50.826990');
INSERT INTO session (user_id, connected_at) VALUES (77, '2023-04-22 08:24:28.506934');
INSERT INTO session (user_id, connected_at) VALUES (33, '2023-06-29 19:19:57.491880');
INSERT INTO session (user_id, connected_at) VALUES (59, '2023-06-11 21:29:36.484491');
INSERT INTO session (user_id, connected_at) VALUES (47, '2023-05-29 01:32:02.664545');
INSERT INTO session (user_id, connected_at) VALUES (83, '2023-03-30 15:12:44.594768');
INSERT INTO session (user_id, connected_at) VALUES (27, '2023-06-29 23:47:53.359041');
INSERT INTO session (user_id, connected_at) VALUES (48, '2023-06-21 06:23:09.636136');
INSERT INTO session (user_id, connected_at) VALUES (74, '2023-06-21 21:41:45.610146');
INSERT INTO session (user_id, connected_at) VALUES (16, '2023-06-17 16:16:20.975214');
INSERT INTO session (user_id, connected_at) VALUES (83, '2023-03-15 04:37:03.883461');
INSERT INTO session (user_id, connected_at) VALUES (84, '2023-05-23 17:36:36.887328');
INSERT INTO session (user_id, connected_at) VALUES (83, '2023-04-13 04:12:31.385772');
INSERT INTO session (user_id, connected_at) VALUES (55, '2023-06-19 09:47:04.957981');
INSERT INTO session (user_id, connected_at) VALUES (12, '2023-05-18 16:08:08.670653');
INSERT INTO session (user_id, connected_at) VALUES (5, '2023-05-26 19:08:42.354356');
INSERT INTO session (user_id, connected_at) VALUES (56, '2023-06-02 03:17:33.731400');
INSERT INTO session (user_id, connected_at) VALUES (29, '2023-06-16 16:40:34.576516');
INSERT INTO session (user_id, connected_at) VALUES (49, '2023-05-21 20:55:08.322347');
INSERT INTO session (user_id, connected_at) VALUES (60, '2023-06-27 18:49:55.985883');
INSERT INTO session (user_id, connected_at) VALUES (76, '2023-06-28 16:43:52.538196');
INSERT INTO session (user_id, connected_at) VALUES (56, '2023-06-05 07:52:29.741072');
INSERT INTO session (user_id, connected_at) VALUES (59, '2023-05-08 06:33:25.844411');
INSERT INTO session (user_id, connected_at) VALUES (69, '2023-06-28 11:50:31.473989');
INSERT INTO session (user_id, connected_at) VALUES (78, '2023-06-20 22:31:49.898798');
INSERT INTO session (user_id, connected_at) VALUES (29, '2023-06-05 20:19:14.089358');
INSERT INTO session (user_id, connected_at) VALUES (4, '2023-05-30 19:48:50.666771');
INSERT INTO session (user_id, connected_at) VALUES (46, '2023-06-29 07:53:49.879369');
INSERT INTO session (user_id, connected_at) VALUES (52, '2023-06-10 16:43:34.702913');
INSERT INTO session (user_id, connected_at) VALUES (66, '2023-06-16 09:00:10.673311');
INSERT INTO session (user_id, connected_at) VALUES (56, '2023-06-04 21:07:36.438249');
INSERT INTO session (user_id, connected_at) VALUES (61, '2023-06-29 02:09:12.056733');
INSERT INTO session (user_id, connected_at) VALUES (6, '2023-06-07 11:54:55.743928');
INSERT INTO session (user_id, connected_at) VALUES (14, '2023-06-21 11:10:57.611475');
INSERT INTO session (user_id, connected_at) VALUES (77, '2023-04-15 01:50:15.100186');
INSERT INTO session (user_id, connected_at) VALUES (7, '2023-06-08 06:28:43.572024');
INSERT INTO session (user_id, connected_at) VALUES (5, '2023-06-27 11:56:04.243853');
INSERT INTO session (user_id, connected_at) VALUES (30, '2023-06-29 02:17:15.682955');
INSERT INTO session (user_id, connected_at) VALUES (30, '2023-06-27 07:44:44.372058');
INSERT INTO session (user_id, connected_at) VALUES (85, '2023-06-27 17:22:55.452894');
INSERT INTO session (user_id, connected_at) VALUES (41, '2023-05-29 01:48:51.229884');
INSERT INTO session (user_id, connected_at) VALUES (48, '2023-06-26 23:16:28.756629');
INSERT INTO session (user_id, connected_at) VALUES (54, '2023-06-29 21:23:45.354466');
INSERT INTO session (user_id, connected_at) VALUES (49, '2023-04-09 00:31:53.039279');
INSERT INTO session (user_id, connected_at) VALUES (42, '2023-06-10 22:55:21.760494');
INSERT INTO session (user_id, connected_at) VALUES (36, '2023-06-29 09:52:57.047109');
INSERT INTO session (user_id, connected_at) VALUES (71, '2023-06-29 19:07:41.202014');
INSERT INTO session (user_id, connected_at) VALUES (73, '2023-06-06 22:49:29.792940');
INSERT INTO session (user_id, connected_at) VALUES (45, '2023-04-13 22:12:45.747210');
INSERT INTO session (user_id, connected_at) VALUES (5, '2023-05-26 21:33:18.399906');
INSERT INTO session (user_id, connected_at) VALUES (83, '2023-04-18 22:30:57.335260');
INSERT INTO session (user_id, connected_at) VALUES (42, '2023-06-14 14:33:37.169747');
INSERT INTO session (user_id, connected_at) VALUES (60, '2023-06-16 23:44:05.349930');
INSERT INTO session (user_id, connected_at) VALUES (43, '2023-05-13 09:41:55.135460');
INSERT INTO session (user_id, connected_at) VALUES (39, '2023-05-02 08:46:50.753840');
INSERT INTO session (user_id, connected_at) VALUES (65, '2023-06-06 13:16:22.973638');
INSERT INTO session (user_id, connected_at) VALUES (59, '2023-06-06 23:44:34.705502');
INSERT INTO session (user_id, connected_at) VALUES (76, '2023-06-28 23:02:09.692291');
INSERT INTO session (user_id, connected_at) VALUES (2, '2023-06-11 20:40:54.720471');
INSERT INTO session (user_id, connected_at) VALUES (77, '2023-06-28 05:43:13.621854');
INSERT INTO session (user_id, connected_at) VALUES (24, '2023-06-23 18:59:05.249546');
INSERT INTO session (user_id, connected_at) VALUES (41, '2023-05-20 19:52:12.752259');
INSERT INTO session (user_id, connected_at) VALUES (64, '2023-05-19 13:08:15.163700');
INSERT INTO session (user_id, connected_at) VALUES (7, '2023-06-24 20:25:44.498742');
INSERT INTO session (user_id, connected_at) VALUES (3, '2023-06-12 00:28:48.100481');
INSERT INTO session (user_id, connected_at) VALUES (42, '2023-05-28 05:51:09.652027');
INSERT INTO session (user_id, connected_at) VALUES (36, '2023-06-29 16:38:36.309095');
INSERT INTO session (user_id, connected_at) VALUES (41, '2023-06-23 08:59:20.532115');
INSERT INTO session (user_id, connected_at) VALUES (77, '2023-04-19 02:28:07.638943');
INSERT INTO session (user_id, connected_at) VALUES (1, '2023-06-29 05:24:14.238951');
INSERT INTO session (user_id, connected_at) VALUES (81, '2023-06-07 20:32:57.191222');
INSERT INTO session (user_id, connected_at) VALUES (47, '2023-06-26 07:43:42.313209');
INSERT INTO session (user_id, connected_at) VALUES (82, '2023-06-19 17:05:45.019518');
INSERT INTO session (user_id, connected_at) VALUES (27, '2023-06-29 23:26:17.271107');
INSERT INTO session (user_id, connected_at) VALUES (9, '2023-06-14 19:43:24.241971');
INSERT INTO session (user_id, connected_at) VALUES (25, '2023-06-26 20:30:07.088044');
INSERT INTO session (user_id, connected_at) VALUES (38, '2023-06-12 03:12:25.466842');
INSERT INTO session (user_id, connected_at) VALUES (85, '2023-06-29 17:31:53.295120');
INSERT INTO session (user_id, connected_at) VALUES (36, '2023-06-25 00:44:46.251703');
INSERT INTO session (user_id, connected_at) VALUES (72, '2023-06-19 10:52:16.734350');
INSERT INTO session (user_id, connected_at) VALUES (60, '2023-06-23 06:05:21.432141');