INSERT INTO "user" (firstname, lastname, email, username, password, created_at) VALUES ('Rebecca', 'Woodard', 'carrie76@example.net', 'waltonteresa581', 'W37Ltxo%+7)Qua', '2023-06-21 17:56:51.905037');
INSERT INTO "user" (firstname, lastname, email, username, password, created_at) VALUES ('Pamela', 'Rangel', 'skramer@example.org', 'jenniferhurley616', 'mk@$f$X6^9evBi', '2023-06-14 17:59:42.182326');
INSERT INTO "user" (firstname, lastname, email, username, password, created_at) VALUES ('Suzanne', 'Marsh', 'carrsteven@example.com', 'xellis477', 'GI&n6fh^d!5U@91H&)1Q', '2023-06-11 15:48:33.825033');
INSERT INTO "user" (firstname, lastname, email, username, password, created_at) VALUES ('Bryan', 'Weiss', 'anthonygarcia@example.net', 'kylemontgomery328', '*3ZDD+q9!+G^&f', '2023-01-14 05:54:24.524120');
INSERT INTO "user" (firstname, lastname, email, username, password, created_at) VALUES ('Karen', 'Thomas', 'ghays@example.net', 'imoss891', '6H5QTH%^VnxVPiYl#)K', '2023-02-10 03:26:36.883336');
INSERT INTO "user" (firstname, lastname, email, username, password, created_at) VALUES ('Robert', 'Stevens', 'robertpierce@example.org', 'marywelch240', 'V&1kIeDZp(&y', '2023-05-17 22:53:53.525417');
INSERT INTO "user" (firstname, lastname, email, username, password, created_at) VALUES ('Katherine', 'Flynn', 'rebeccasalazar@example.org', 'brandon32310', 'QLEa1o$J!*8O', '2023-03-31 10:36:07.475499');
INSERT INTO "user" (firstname, lastname, email, username, password, created_at) VALUES ('Dawn', 'Reid', 'arielyork@example.org', 'graykelly791', '@z95FWty35', '2023-06-27 13:16:45.246372');
INSERT INTO "user" (firstname, lastname, email, username, password, created_at) VALUES ('Robert', 'Cochran', 'boonetravis@example.net', 'ywoodward463', '3DwXylNg)_b', '2023-03-04 13:38:44.899518');
INSERT INTO "user" (firstname, lastname, email, username, password, created_at) VALUES ('Laura', 'Weiss', 'ywilliams@example.org', 'helencook735', 'rTGLMk!y%3', '2023-04-25 07:46:17.489138');
INSERT INTO "user" (firstname, lastname, email, username, password, created_at) VALUES ('Courtney', 'Williams', 'gatesrobert@example.com', 'ehahn524', 'O$%HmPjsb$P6Z', '2023-04-07 21:15:44.271285');
INSERT INTO "user" (firstname, lastname, email, username, password, created_at) VALUES ('David', 'Thompson', 'washingtonlarry@example.org', 'moodycaitlyn388', '@d62z+dsG&ZDlln', '2023-03-15 20:17:06.924664');
INSERT INTO "user" (firstname, lastname, email, username, password, created_at) VALUES ('Ashley', 'Gill', 'devans@example.org', 'brandihogan790', 'r%Aq3hiOhXU)N', '2023-06-12 14:49:58.226528');
INSERT INTO "user" (firstname, lastname, email, username, password, created_at) VALUES ('James', 'Hickman', 'gilbertwade@example.com', 'shannon80744', ')4&*^WVrA', '2023-01-30 14:41:18.544634');
INSERT INTO "user" (firstname, lastname, email, username, password, created_at) VALUES ('Lee', 'Stewart', 'tmccormick@example.com', 'amanda24571', 'UMa%k4DE&C(LEY*21pj', '2023-06-16 16:51:54.372794');
INSERT INTO "user" (firstname, lastname, email, username, password, created_at) VALUES ('Regina', 'Lopez', 'larry90@example.org', 'cterry708', 'z_ihAvP5#br33TWzl#bY', '2023-03-02 16:46:16.205578');
INSERT INTO "user" (firstname, lastname, email, username, password, created_at) VALUES ('Alan', 'Tanner', 'richardsonkristina@example.com', 'adrianahall919', '&0JbUeTX(iDe8', '2023-01-07 00:20:30.131032');
INSERT INTO "user" (firstname, lastname, email, username, password, created_at) VALUES ('James', 'Martin', 'mccartyjeffrey@example.net', 'smithamber227', 'ji4mAKfM*', '2023-01-14 10:41:45.298862');
INSERT INTO "user" (firstname, lastname, email, username, password, created_at) VALUES ('Richard', 'Murray', 'qallen@example.org', 'cynthiahanson728', '#X7V!kI09(', '2023-01-04 08:02:51.187538');
INSERT INTO "user" (firstname, lastname, email, username, password, created_at) VALUES ('Amanda', 'Lopez', 'figueroadennis@example.org', 'nwerner539', '^12^^YSoH', '2023-02-14 18:14:29.091120');
INSERT INTO "user" (firstname, lastname, email, username, password, created_at) VALUES ('Andrew', 'Ross', 'stephaniebuck@example.net', 'oking788', '5CTMl3)b&k%0YjCt', '2023-03-13 19:05:38.858966');
INSERT INTO "user" (firstname, lastname, email, username, password, created_at) VALUES ('Jeffrey', 'Silva', 'william80@example.org', 'parkgabrielle307', '))9u7vNs', '2023-05-24 08:35:48.498307');
INSERT INTO "user" (firstname, lastname, email, username, password, created_at) VALUES ('Christopher', 'Alvarez', 'patrickwilson@example.net', 'courtney82413', 'b4&NCxCJ(lZ', '2023-02-06 21:18:06.731134');
INSERT INTO "user" (firstname, lastname, email, username, password, created_at) VALUES ('Jonathon', 'Poole', 'herringdaniel@example.net', 'richardreynolds474', '$KK2tra406NNV', '2023-01-10 17:26:48.013788');
INSERT INTO "user" (firstname, lastname, email, username, password, created_at) VALUES ('William', 'Patel', 'crossrobin@example.com', 'tonya49808', '$VN69ISmW', '2023-04-24 15:00:38.447954');
INSERT INTO "user" (firstname, lastname, email, username, password, created_at) VALUES ('Eric', 'Cameron', 'andreaoliver@example.org', 'juan29586', 'VqXPaq3Y58@taRnv$C', '2023-04-04 04:48:08.149878');
INSERT INTO "user" (firstname, lastname, email, username, password, created_at) VALUES ('Stacy', 'Cruz', 'carolyn41@example.org', 'kayla27256', 'hg$yA9@#N#t01HAsqd', '2023-06-24 12:23:16.996922');
INSERT INTO "user" (firstname, lastname, email, username, password, created_at) VALUES ('Grant', 'Page', 'kellerthomas@example.net', 'vazquezfelicia397', '@6s3mX_hAU!B^2tAHfDf', '2023-05-28 03:04:26.347485');
INSERT INTO "user" (firstname, lastname, email, username, password, created_at) VALUES ('Harold', 'Jones', 'christopherperez@example.net', 'nunezwilliam694', '&!YJfx4qs1T%OV+HXqC', '2023-01-27 08:20:24.734317');
INSERT INTO "user" (firstname, lastname, email, username, password, created_at) VALUES ('Rebecca', 'Jones', 'johnshea@example.net', 'maria74845', '%KSOG+Fp&7$7DNr', '2023-03-18 03:18:00.919176');
INSERT INTO "user" (firstname, lastname, email, username, password, created_at) VALUES ('Casey', 'Lee', 'crystalpeters@example.net', 'igarcia871', 'F2LCW8Gw^bt', '2023-06-17 20:28:55.748425');
INSERT INTO "user" (firstname, lastname, email, username, password, created_at) VALUES ('Adam', 'Best', 'meyerdylan@example.org', 'andrea22831', '*gD6mN9v@', '2023-05-31 07:43:04.572128');
INSERT INTO "user" (firstname, lastname, email, username, password, created_at) VALUES ('Austin', 'Williams', 'ppetty@example.com', 'kshelton145', '^K9!8gEfa*C70z', '2023-04-01 21:25:21.689496');
INSERT INTO "user" (firstname, lastname, email, username, password, created_at) VALUES ('Ashlee', 'Larson', 'tknight@example.com', 'melanieirwin969', 'eYG81pxiG@9jVR', '2023-05-31 11:17:51.504307');
INSERT INTO "user" (firstname, lastname, email, username, password, created_at) VALUES ('Jamie', 'Castro', 'nphillips@example.net', 'sherylcastillo541', 'qPX0vX#kVS&', '2023-05-20 19:18:56.779177');
INSERT INTO "user" (firstname, lastname, email, username, password, created_at) VALUES ('Lori', 'Lara', 'tracie47@example.net', 'joshuaabbott815', 'zOsQJOc4rY_uW3GkRnB4', '2023-01-08 12:17:37.545568');
INSERT INTO "user" (firstname, lastname, email, username, password, created_at) VALUES ('Joseph', 'Warner', 'xmiller@example.net', 'eric29216', '@K#fbTC)d+4kfBg8_9', '2023-02-18 22:24:05.907128');
INSERT INTO "user" (firstname, lastname, email, username, password, created_at) VALUES ('James', 'White', 'yriggs@example.com', 'sheilabarker368', 'pY$1IYbu', '2023-03-28 08:51:20.941080');
INSERT INTO "user" (firstname, lastname, email, username, password, created_at) VALUES ('Kenneth', 'Clark', 'paulafarmer@example.net', 'jessica08649', '(1jCQm8fd', '2023-06-16 15:06:16.435045');
INSERT INTO "user" (firstname, lastname, email, username, password, created_at) VALUES ('Jacob', 'Dixon', 'xdiaz@example.org', 'hernandezallison144', 'yX1FQkJv_z', '2023-01-29 12:40:48.225559');
INSERT INTO "user" (firstname, lastname, email, username, password, created_at) VALUES ('Billy', 'Mitchell', 'christopherharris@example.net', 'cbaker396', 'Y$5Cwn&yER', '2023-02-02 23:14:11.406978');
INSERT INTO "user" (firstname, lastname, email, username, password, created_at) VALUES ('Cathy', 'James', 'gmonroe@example.net', 'xdavis448', 'izWL1fWfA*BJB!3AwQUD', '2023-05-09 05:28:39.297519');
INSERT INTO "user" (firstname, lastname, email, username, password, created_at) VALUES ('Theresa', 'Estrada', 'chavezcharles@example.org', 'rebecca71263', 'vKP#0bOg13SZ2M', '2023-05-25 00:39:25.179267');
INSERT INTO "user" (firstname, lastname, email, username, password, created_at) VALUES ('Amanda', 'King', 'tyler94@example.net', 'melindarose757', '&cAmowu8$8!v2unY1S', '2023-02-01 20:02:16.992072');
INSERT INTO "user" (firstname, lastname, email, username, password, created_at) VALUES ('Rebecca', 'Gibbs', 'ttaylor@example.net', 'nicolegarcia134', '#0@xPayq6', '2023-01-06 08:45:34.699189');
INSERT INTO "user" (firstname, lastname, email, username, password, created_at) VALUES ('Guy', 'Stewart', 'diane57@example.net', 'andrewcooper552', '^vZuAE&MZ1SCbw', '2023-06-08 23:00:37.113207');
INSERT INTO "user" (firstname, lastname, email, username, password, created_at) VALUES ('Kelly', 'Edwards', 'aaronwalker@example.org', 'guerreromeagan795', 'FeH5268uHcX7^NGo7', '2023-05-02 22:54:06.963459');
INSERT INTO "user" (firstname, lastname, email, username, password, created_at) VALUES ('Kimberly', 'Thompson', 'adamstimothy@example.net', 'jonesthomas762', '%&ss8hLq*NTpV_ZGG_b', '2023-01-12 15:42:57.133279');
INSERT INTO "user" (firstname, lastname, email, username, password, created_at) VALUES ('Christina', 'Francis', 'wanda79@example.org', 'churley400', 'o%pX4ItZv', '2023-01-31 15:36:13.116325');
INSERT INTO "user" (firstname, lastname, email, username, password, created_at) VALUES ('Zachary', 'Foster', 'alexishester@example.net', 'daniel28393', 'Dk$6OAo%$', '2023-02-03 18:28:31.701748');
INSERT INTO "user" (firstname, lastname, email, username, password, created_at) VALUES ('Mark', 'Rodgers', 'schneiderkendra@example.com', 'pwillis883', '6qB&18uT$Ayv', '2023-06-16 07:56:12.942840');
INSERT INTO "user" (firstname, lastname, email, username, password, created_at) VALUES ('Mikayla', 'Newman', 'zwilson@example.net', 'bmorgan454', 'Np1A5q5u@', '2023-01-18 11:53:04.976793');
INSERT INTO "user" (firstname, lastname, email, username, password, created_at) VALUES ('Hunter', 'Simmons', 'kellietucker@example.net', 'harrisangela704', 'Edo@^As6+69Rb', '2023-02-05 02:57:20.816038');
INSERT INTO "user" (firstname, lastname, email, username, password, created_at) VALUES ('Elizabeth', 'Ramirez', 'michellecarey@example.org', 'donaldpowers802', 'JJq&Y2LhnILB1r', '2023-03-27 01:01:28.655433');
INSERT INTO "user" (firstname, lastname, email, username, password, created_at) VALUES ('Danielle', 'Roberts', 'donnalowery@example.com', 'brettcollins630', '^rcCfmqOw0', '2023-06-05 04:30:17.188112');
INSERT INTO "user" (firstname, lastname, email, username, password, created_at) VALUES ('Jeffrey', 'Guerra', 'tommy55@example.org', 'blakemullen783', '(9!iZWk1_L', '2023-02-08 14:28:17.665828');
INSERT INTO "user" (firstname, lastname, email, username, password, created_at) VALUES ('Matthew', 'Hunter', 'qdean@example.com', 'timmcdonald438', 'A)^rZn1xVmC4$', '2023-06-03 22:08:52.652813');
INSERT INTO "user" (firstname, lastname, email, username, password, created_at) VALUES ('David', 'Sandoval', 'okrause@example.com', 'jaredbradley179', 'u(j4^aHk', '2023-02-03 21:23:40.543648');
INSERT INTO "user" (firstname, lastname, email, username, password, created_at) VALUES ('Rebecca', 'Rhodes', 'gregoryhanson@example.com', 'zmartin918', 'wq_0+n+uC$1x7gTD', '2023-03-28 05:39:36.626493');
INSERT INTO "user" (firstname, lastname, email, username, password, created_at) VALUES ('Karen', 'Bell', 'cummingsrobert@example.com', 'sheila04445', 'Z+MmlInDm3_$', '2023-06-07 08:43:05.125774');
INSERT INTO "user" (firstname, lastname, email, username, password, created_at) VALUES ('Kathryn', 'Alexander', 'williamsjohn@example.com', 'joseph19843', 'y%(Q^4vlBA7', '2023-04-10 00:46:18.356261');
INSERT INTO "user" (firstname, lastname, email, username, password, created_at) VALUES ('Samantha', 'Tran', 'mullinsanthony@example.net', 'jessicacampos789', 'pfa%2Ptt', '2023-02-24 17:34:36.602785');
INSERT INTO "user" (firstname, lastname, email, username, password, created_at) VALUES ('Suzanne', 'King', 'aaron64@example.com', 'gregorykrista886', '*N5dS_#Zr20F@!zp', '2023-05-21 04:27:38.660419');
INSERT INTO "user" (firstname, lastname, email, username, password, created_at) VALUES ('Melissa', 'Brown', 'tcasey@example.org', 'joemcgrath284', ')_96d1gl6CJ_Qs', '2023-03-06 19:51:38.102075');
INSERT INTO "user" (firstname, lastname, email, username, password, created_at) VALUES ('Ashley', 'Baldwin', 'natashawilliams@example.com', 'moorebryce590', 'EYJW+$jv$j6wG', '2023-01-22 03:52:08.351452');
INSERT INTO "user" (firstname, lastname, email, username, password, created_at) VALUES ('Jennifer', 'Taylor', 'scott24@example.net', 'fgonzales339', 'EX%JnHP7Z7sW+__rI1A0', '2023-01-27 17:06:32.135005');
INSERT INTO "user" (firstname, lastname, email, username, password, created_at) VALUES ('Kimberly', 'Hall', 'scottcastillo@example.net', 'jenniferrobinson514', 'yyBEZBg%eZ7(BvZQ6#h', '2023-06-13 20:43:33.018303');
INSERT INTO "user" (firstname, lastname, email, username, password, created_at) VALUES ('Leslie', 'Kennedy', 'kpeterson@example.net', 'pittmanmelissa436', 'lI0y^a$YmUQPyprjP&P', '2023-04-12 03:26:51.799072');
INSERT INTO "user" (firstname, lastname, email, username, password, created_at) VALUES ('Stephanie', 'Roberts', 'zobrien@example.org', 'emily27345', 'W)65LJzJo2S5', '2023-05-04 19:37:02.561772');
INSERT INTO "user" (firstname, lastname, email, username, password, created_at) VALUES ('Madeline', 'Brown', 'heather23@example.com', 'lisachavez178', '8RsZ@+ru$1FK', '2023-03-23 04:27:22.750009');
INSERT INTO "user" (firstname, lastname, email, username, password, created_at) VALUES ('Susan', 'Crosby', 'donnamendez@example.net', 'williamwashington824', 'V^mok#7+%1cRM', '2023-02-14 14:58:18.271972');
INSERT INTO "user" (firstname, lastname, email, username, password, created_at) VALUES ('Daniel', 'White', 'ismith@example.com', 'mbaker471', 'Y_JLyg(m_!9oUF_', '2023-04-27 14:56:18.577010');
INSERT INTO "user" (firstname, lastname, email, username, password, created_at) VALUES ('William', 'Tate', 'rdavidson@example.net', 'jeremy15985', '(53XXCpn@e4', '2023-03-02 02:47:44.034419');
INSERT INTO "user" (firstname, lastname, email, username, password, created_at) VALUES ('Caitlin', 'White', 'martinemily@example.com', 'amybuchanan182', 'oI16GS8q7%u', '2023-05-12 03:30:00.437727');
INSERT INTO "user" (firstname, lastname, email, username, password, created_at) VALUES ('Sara', 'Sandoval', 'davidtran@example.org', 'briannaross389', '%mk4DeB%', '2023-05-05 13:54:32.469907');
INSERT INTO "user" (firstname, lastname, email, username, password, created_at) VALUES ('April', 'Price', 'taylorjessica@example.com', 'paulbaldwin858', '&40BgmNaupru', '2023-06-08 03:32:30.018194');
INSERT INTO "user" (firstname, lastname, email, username, password, created_at) VALUES ('Sara', 'Reilly', 'jasmine10@example.net', 'guerrerocarla927', 'o+003wEqR', '2023-02-21 00:15:10.662314');
INSERT INTO "user" (firstname, lastname, email, username, password, created_at) VALUES ('Steven', 'Martinez', 'mary28@example.com', 'sarah77201', 'Dti1Ib6tqu+h#', '2023-01-29 13:21:15.738467');
INSERT INTO "user" (firstname, lastname, email, username, password, created_at) VALUES ('Emily', 'Burke', 'ggill@example.com', 'kayla62514', '_8*_Yya+0$KD', '2023-06-02 09:36:55.819695');
INSERT INTO "user" (firstname, lastname, email, username, password, created_at) VALUES ('Cindy', 'Fuentes', 'qwallace@example.com', 'bfoster844', '*E55PYgB24_R2sF', '2023-04-03 20:17:12.570597');
INSERT INTO "user" (firstname, lastname, email, username, password, created_at) VALUES ('Angela', 'Blair', 'beth40@example.org', 'pamelacunningham866', 'Le#vFDxWWM9Q0Ph@m', '2023-01-09 13:52:52.044643');
INSERT INTO "user" (firstname, lastname, email, username, password, created_at) VALUES ('Richard', 'Brooks', 'robert71@example.com', 'fmiller377', 'oaSfffX%^y39J0jZ', '2023-04-14 17:23:01.773229');
INSERT INTO "user" (firstname, lastname, email, username, password, created_at) VALUES ('Monica', 'Lee', 'lesliehaynes@example.com', 'ucurtis697', 'z)s0Tasmx@U!%KbEg', '2023-05-09 14:55:43.471112');
INSERT INTO "user" (firstname, lastname, email, username, password, created_at) VALUES ('Lisa', 'White', 'ubarnes@example.com', 'fletcherkristen494', 'MkqT@%STkJlD_0Je3', '2023-03-17 10:59:41.853687');
INSERT INTO "user" (firstname, lastname, email, username, password, created_at) VALUES ('Dalton', 'Burton', 'ghoffman@example.net', 'fsharp903', '!(k6wJqz', '2023-02-24 20:01:20.926336');
INSERT INTO "user" (firstname, lastname, email, username, password, created_at) VALUES ('Luke', 'Quinn', 'ginapeterson@example.net', 'jodi66866', 'QJcZ(i!vM!6#S', '2023-05-13 22:35:46.366845');
INSERT INTO "user" (firstname, lastname, email, username, password, created_at) VALUES ('Angela', 'Harris', 'kimberly49@example.net', 'stuartsuzanne869', 'BPeTaEFvNjROIh7b$%3T', '2023-03-22 15:49:25.040118');
INSERT INTO "user" (firstname, lastname, email, username, password, created_at) VALUES ('Barbara', 'Rogers', 'christinecollins@example.com', 'wiseanna875', 'DJs24I3moP(hwlU', '2023-04-13 11:05:15.579164');
INSERT INTO "user" (firstname, lastname, email, username, password, created_at) VALUES ('Matthew', 'Brooks', 'lori54@example.com', 'youngkayla961', '2&3kRcV&H$v2Rv', '2023-03-17 19:20:28.431278');
INSERT INTO "user" (firstname, lastname, email, username, password, created_at) VALUES ('Gloria', 'Todd', 'millerbrent@example.org', 'allencynthia477', 'E&O56eAkOFG', '2023-02-21 23:45:32.571370');
INSERT INTO "user" (firstname, lastname, email, username, password, created_at) VALUES ('William', 'Johnson', 'epennington@example.net', 'randallerin249', '0*#%93ZWJXUSa7iv', '2023-03-31 04:31:01.911590');
INSERT INTO "user" (firstname, lastname, email, username, password, created_at) VALUES ('Justin', 'Cohen', 'hjones@example.com', 'duarteryan626', 'n#Yu1Zw^YQ_iAbgbD', '2023-05-20 08:07:44.664940');
INSERT INTO "user" (firstname, lastname, email, username, password, created_at) VALUES ('Margaret', 'Brady', 'kellysullivan@example.com', 'dsmith714', '%x)%wgsy1YqVkzS3_K0m', '2023-06-12 09:54:37.192768');
INSERT INTO "user" (firstname, lastname, email, username, password, created_at) VALUES ('Andrea', 'Baker', 'cassandraarnold@example.com', 'courtneywatts315', '6%e(bFk!A@3', '2023-06-02 17:08:43.309329');
INSERT INTO "user" (firstname, lastname, email, username, password, created_at) VALUES ('Pamela', 'Jackson', 'davidsmith@example.org', 'htaylor879', '6kxG1BBB(&yH3N', '2023-03-06 15:38:07.281170');
INSERT INTO "user" (firstname, lastname, email, username, password, created_at) VALUES ('Carly', 'Parker', 'prodriguez@example.org', 'thomasjoseph550', '_aSVZjM#_96&kwP', '2023-02-20 11:42:28.315813');
INSERT INTO "user" (firstname, lastname, email, username, password, created_at) VALUES ('Jennifer', 'Meyer', 'vjones@example.org', 'lauren59514', 'h&&(ZfMdGM3K', '2023-06-04 19:42:38.395366');
INSERT INTO "user" (firstname, lastname, email, username, password, created_at) VALUES ('Michael', 'Gomez', 'misty66@example.net', 'isaac59217', 'XD9j)x@$P#4N$LrS47tw', '2023-06-22 03:23:40.616494');
INSERT INTO "user" (firstname, lastname, email, username, password, created_at) VALUES ('Jocelyn', 'Crawford', 'osmith@example.org', 'isnyder810', '*52MkDZB', '2023-01-25 10:36:56.054226');
INSERT INTO "user" (firstname, lastname, email, username, password, created_at) VALUES ('Makayla', 'Martin', 'alexanderbrown@example.com', 'johnbrown245', 'Q97CZJy5^Ars', '2023-02-22 12:52:00.096036');
INSERT INTO user_email_verification (user_id, verified_at) VALUES (1, '2023-06-25 13:23:51.439087');
INSERT INTO user_email_verification (user_id, verified_at) VALUES (2, '2023-06-19 13:54:00.676293');
INSERT INTO user_email_verification (user_id, verified_at) VALUES (3, '2023-06-26 23:36:27.734946');
INSERT INTO user_email_verification (user_id, verified_at) VALUES (4, '2023-03-05 17:27:59.732658');
INSERT INTO user_email_verification (user_id, verified_at) VALUES (5, '2023-03-11 18:34:10.153871');
INSERT INTO user_email_verification (user_id, verified_at) VALUES (6, '2023-05-23 06:04:56.557760');
INSERT INTO user_email_verification (user_id, verified_at) VALUES (7, '2023-05-25 10:59:09.481547');
INSERT INTO user_email_verification (user_id, verified_at) VALUES (8, '2023-06-28 16:18:21.505941');
INSERT INTO user_email_verification (user_id, verified_at) VALUES (9, '2023-05-22 11:46:36.297546');
INSERT INTO user_email_verification (user_id, verified_at) VALUES (10, '2023-06-20 14:39:23.447162');
INSERT INTO user_email_verification (user_id, verified_at) VALUES (11, '2023-05-28 10:30:57.271437');
INSERT INTO user_email_verification (user_id, verified_at) VALUES (12, '2023-05-30 17:38:23.852043');
INSERT INTO user_email_verification (user_id, verified_at) VALUES (13, '2023-06-19 03:18:18.427679');
INSERT INTO user_email_verification (user_id, verified_at) VALUES (14, '2023-04-15 12:51:09.364554');
INSERT INTO user_email_verification (user_id, verified_at) VALUES (15, '2023-06-19 05:04:52.609436');
INSERT INTO user_email_verification (user_id, verified_at) VALUES (16, '2023-03-05 19:55:15.163055');
INSERT INTO user_email_verification (user_id, verified_at) VALUES (17, '2023-06-13 22:29:28.314282');
INSERT INTO user_email_verification (user_id, verified_at) VALUES (18, '2023-06-27 05:27:03.646841');
INSERT INTO user_email_verification (user_id, verified_at) VALUES (19, '2023-06-16 06:40:47.584490');
INSERT INTO user_email_verification (user_id, verified_at) VALUES (20, '2023-06-12 17:12:26.565064');
INSERT INTO user_email_verification (user_id, verified_at) VALUES (21, '2023-04-10 19:30:05.065030');
INSERT INTO user_email_verification (user_id, verified_at) VALUES (22, '2023-05-25 07:32:32.936633');
INSERT INTO user_email_verification (user_id, verified_at) VALUES (23, '2023-05-03 05:41:51.443562');
INSERT INTO user_email_verification (user_id, verified_at) VALUES (24, '2023-03-05 08:56:02.236655');
INSERT INTO user_email_verification (user_id, verified_at) VALUES (25, '2023-05-27 09:33:54.370081');
INSERT INTO user_email_verification (user_id, verified_at) VALUES (26, '2023-06-14 21:33:30.533356');
INSERT INTO user_email_verification (user_id, verified_at) VALUES (27, '2023-06-28 05:49:22.886887');
INSERT INTO user_email_verification (user_id, verified_at) VALUES (28, '2023-06-04 14:22:27.808822');
INSERT INTO user_email_verification (user_id, verified_at) VALUES (29, '2023-03-09 05:55:17.355291');
INSERT INTO user_email_verification (user_id, verified_at) VALUES (30, '2023-05-15 07:18:13.608752');
INSERT INTO user_email_verification (user_id, verified_at) VALUES (31, '2023-06-18 04:36:16.246944');
INSERT INTO user_email_verification (user_id, verified_at) VALUES (32, '2023-06-11 14:18:42.116148');
INSERT INTO user_email_verification (user_id, verified_at) VALUES (33, '2023-06-08 01:29:41.051959');
INSERT INTO user_email_verification (user_id, verified_at) VALUES (34, '2023-06-26 00:25:30.257533');
INSERT INTO user_email_verification (user_id, verified_at) VALUES (35, '2023-06-20 12:03:41.640435');
INSERT INTO user_email_verification (user_id, verified_at) VALUES (36, '2023-01-29 04:35:00.688867');
INSERT INTO user_email_verification (user_id, verified_at) VALUES (37, '2023-06-13 02:02:46.294279');
INSERT INTO user_email_verification (user_id, verified_at) VALUES (38, '2023-05-06 22:18:37.416464');
INSERT INTO user_email_verification (user_id, verified_at) VALUES (39, '2023-06-21 03:06:18.320014');
INSERT INTO user_email_verification (user_id, verified_at) VALUES (40, '2023-06-06 06:05:40.072753');
INSERT INTO user_email_verification (user_id, verified_at) VALUES (41, '2023-04-09 21:30:32.381780');
INSERT INTO user_email_verification (user_id, verified_at) VALUES (42, '2023-06-29 13:13:51.357117');
INSERT INTO user_email_verification (user_id, verified_at) VALUES (43, '2023-05-31 16:51:32.253708');
INSERT INTO user_email_verification (user_id, verified_at) VALUES (44, '2023-03-11 05:04:35.387152');
INSERT INTO user_email_verification (user_id, verified_at) VALUES (45, '2023-06-26 10:03:36.900935');
INSERT INTO user_email_verification (user_id, verified_at) VALUES (46, '2023-06-11 01:01:14.547380');
INSERT INTO user_email_verification (user_id, verified_at) VALUES (47, '2023-05-30 12:52:40.733907');
INSERT INTO user_email_verification (user_id, verified_at) VALUES (48, '2023-03-02 16:32:23.691541');
INSERT INTO user_email_verification (user_id, verified_at) VALUES (49, '2023-06-23 23:37:36.406680');
INSERT INTO user_email_verification (user_id, verified_at) VALUES (50, '2023-05-23 11:41:15.081453');
INSERT INTO user_email_verification (user_id, verified_at) VALUES (51, '2023-06-29 06:21:12.782584');
INSERT INTO user_email_verification (user_id, verified_at) VALUES (52, '2023-04-28 21:56:42.324452');
INSERT INTO user_email_verification (user_id, verified_at) VALUES (53, '2023-05-20 14:36:56.896489');
INSERT INTO user_email_verification (user_id, verified_at) VALUES (54, '2023-05-07 17:37:49.634151');
INSERT INTO user_email_verification (user_id, verified_at) VALUES (55, '2023-06-24 17:02:19.278692');
INSERT INTO user_email_verification (user_id, verified_at) VALUES (56, '2023-02-13 15:12:30.712364');
INSERT INTO user_email_verification (user_id, verified_at) VALUES (57, '2023-06-18 11:21:54.874570');
INSERT INTO user_email_verification (user_id, verified_at) VALUES (58, '2023-02-03 23:13:28.507021');
INSERT INTO user_email_verification (user_id, verified_at) VALUES (59, '2023-06-02 13:34:12.500088');
INSERT INTO user_email_verification (user_id, verified_at) VALUES (60, '2023-06-12 09:47:02.691341');
INSERT INTO user_email_verification (user_id, verified_at) VALUES (61, '2023-05-25 06:01:17.860510');
INSERT INTO user_email_verification (user_id, verified_at) VALUES (62, '2023-06-25 17:13:07.003280');
INSERT INTO user_email_verification (user_id, verified_at) VALUES (63, '2023-05-30 23:30:24.973101');
INSERT INTO user_email_verification (user_id, verified_at) VALUES (64, '2023-04-07 10:42:29.737241');
INSERT INTO user_email_verification (user_id, verified_at) VALUES (65, '2023-04-01 00:26:13.238133');
INSERT INTO user_email_verification (user_id, verified_at) VALUES (66, '2023-05-01 01:40:51.824456');
INSERT INTO user_email_verification (user_id, verified_at) VALUES (67, '2023-06-15 07:51:37.608257');
INSERT INTO user_email_verification (user_id, verified_at) VALUES (68, '2023-04-17 13:07:37.838141');
INSERT INTO user_email_verification (user_id, verified_at) VALUES (69, '2023-05-10 15:34:27.427600');
INSERT INTO user_email_verification (user_id, verified_at) VALUES (70, '2023-06-12 01:08:14.383937');
INSERT INTO user_email_verification (user_id, verified_at) VALUES (71, '2023-02-28 09:29:51.888462');
INSERT INTO user_email_verification (user_id, verified_at) VALUES (72, '2023-05-07 09:00:06.865918');
INSERT INTO user_email_verification (user_id, verified_at) VALUES (73, '2023-03-10 05:38:03.936249');
INSERT INTO user_email_verification (user_id, verified_at) VALUES (74, '2023-06-09 22:20:06.412694');
INSERT INTO user_email_verification (user_id, verified_at) VALUES (75, '2023-06-20 17:41:16.643925');
INSERT INTO user_email_verification (user_id, verified_at) VALUES (76, '2023-06-24 20:00:30.264307');
INSERT INTO user_email_verification (user_id, verified_at) VALUES (77, '2023-05-02 13:58:46.998395');
INSERT INTO user_email_verification (user_id, verified_at) VALUES (78, '2023-02-06 18:50:52.480266');
INSERT INTO user_email_verification (user_id, verified_at) VALUES (79, '2023-06-24 12:30:40.896882');
INSERT INTO user_email_verification (user_id, verified_at) VALUES (80, '2023-06-04 13:19:17.564054');
INSERT INTO user_email_verification (user_id, verified_at) VALUES (81, '2023-03-04 00:13:26.126223');
INSERT INTO user_email_verification (user_id, verified_at) VALUES (82, '2023-05-17 10:17:37.069162');
INSERT INTO user_email_verification (user_id, verified_at) VALUES (83, '2023-05-25 17:25:48.447833');
INSERT INTO user_email_verification (user_id, verified_at) VALUES (84, '2023-04-10 01:28:44.570256');
INSERT INTO user_email_verification (user_id, verified_at) VALUES (85, '2023-03-23 03:41:19.713081');
INSERT INTO session (user_id, connected_at) VALUES (9, '2023-03-08 06:25:31.587170');
INSERT INTO session (user_id, connected_at) VALUES (81, '2023-06-18 07:04:22.652930');
INSERT INTO session (user_id, connected_at) VALUES (66, '2023-01-11 02:28:07.691443');
INSERT INTO session (user_id, connected_at) VALUES (48, '2023-06-21 05:06:14.759426');
INSERT INTO session (user_id, connected_at) VALUES (69, '2023-05-06 22:29:56.827981');
INSERT INTO session (user_id, connected_at) VALUES (60, '2023-04-07 23:42:45.593398');
INSERT INTO session (user_id, connected_at) VALUES (80, '2023-06-19 17:33:11.196451');
INSERT INTO session (user_id, connected_at) VALUES (64, '2023-01-14 12:51:22.935364');
INSERT INTO session (user_id, connected_at) VALUES (34, '2023-01-07 13:25:47.124093');
INSERT INTO session (user_id, connected_at) VALUES (34, '2023-06-12 10:16:26.985513');
INSERT INTO session (user_id, connected_at) VALUES (47, '2023-01-25 23:19:53.005886');
INSERT INTO session (user_id, connected_at) VALUES (42, '2023-03-31 22:48:53.107936');
INSERT INTO session (user_id, connected_at) VALUES (22, '2023-02-15 11:17:16.363887');
INSERT INTO session (user_id, connected_at) VALUES (46, '2023-03-28 17:18:47.803345');
INSERT INTO session (user_id, connected_at) VALUES (59, '2023-01-17 12:33:29.553094');
INSERT INTO session (user_id, connected_at) VALUES (70, '2023-05-05 01:12:10.128461');
INSERT INTO session (user_id, connected_at) VALUES (39, '2023-06-19 03:08:51.884333');
INSERT INTO session (user_id, connected_at) VALUES (65, '2023-05-13 23:39:08.574090');
INSERT INTO session (user_id, connected_at) VALUES (47, '2023-01-20 21:28:07.396482');
INSERT INTO session (user_id, connected_at) VALUES (65, '2023-01-23 02:25:43.407787');
INSERT INTO session (user_id, connected_at) VALUES (45, '2023-01-14 09:02:54.752280');
INSERT INTO session (user_id, connected_at) VALUES (30, '2023-03-09 06:40:23.461096');
INSERT INTO session (user_id, connected_at) VALUES (2, '2023-05-19 07:28:30.229603');
INSERT INTO session (user_id, connected_at) VALUES (5, '2023-04-06 23:00:55.035174');
INSERT INTO session (user_id, connected_at) VALUES (73, '2023-01-02 03:56:34.113172');
INSERT INTO session (user_id, connected_at) VALUES (45, '2023-02-22 10:34:39.226147');
INSERT INTO session (user_id, connected_at) VALUES (1, '2023-06-22 05:31:53.206560');
INSERT INTO session (user_id, connected_at) VALUES (71, '2023-02-23 14:39:09.014529');
INSERT INTO session (user_id, connected_at) VALUES (75, '2023-01-29 04:31:51.270061');
INSERT INTO session (user_id, connected_at) VALUES (11, '2023-06-09 20:43:41.517726');
INSERT INTO session (user_id, connected_at) VALUES (70, '2023-01-07 21:05:24.292767');
INSERT INTO session (user_id, connected_at) VALUES (15, '2023-03-25 11:10:28.011084');
INSERT INTO session (user_id, connected_at) VALUES (31, '2023-03-09 19:08:07.313053');
INSERT INTO session (user_id, connected_at) VALUES (24, '2023-01-25 16:49:37.873579');
INSERT INTO session (user_id, connected_at) VALUES (47, '2023-05-04 06:44:25.763521');
INSERT INTO session (user_id, connected_at) VALUES (75, '2023-03-17 09:03:51.092744');
INSERT INTO session (user_id, connected_at) VALUES (76, '2023-06-20 10:08:31.800063');
INSERT INTO session (user_id, connected_at) VALUES (37, '2023-06-12 19:11:56.862025');
INSERT INTO session (user_id, connected_at) VALUES (66, '2023-06-02 13:34:59.549151');
INSERT INTO session (user_id, connected_at) VALUES (50, '2023-04-23 22:23:05.738246');
INSERT INTO session (user_id, connected_at) VALUES (13, '2023-04-06 00:26:17.242444');
INSERT INTO session (user_id, connected_at) VALUES (41, '2023-03-29 20:50:35.781615');
INSERT INTO session (user_id, connected_at) VALUES (5, '2023-02-09 06:19:13.704891');
INSERT INTO session (user_id, connected_at) VALUES (33, '2023-02-23 10:59:15.576977');
INSERT INTO session (user_id, connected_at) VALUES (76, '2023-02-16 06:46:37.617578');
INSERT INTO session (user_id, connected_at) VALUES (51, '2023-04-12 07:29:57.615246');
INSERT INTO session (user_id, connected_at) VALUES (15, '2023-02-04 04:30:00.475283');
INSERT INTO session (user_id, connected_at) VALUES (54, '2023-03-05 17:57:03.378291');
INSERT INTO session (user_id, connected_at) VALUES (26, '2023-06-29 04:50:51.105103');
INSERT INTO session (user_id, connected_at) VALUES (28, '2023-06-28 17:02:09.770034');
INSERT INTO session (user_id, connected_at) VALUES (83, '2023-02-19 20:58:55.844251');
INSERT INTO session (user_id, connected_at) VALUES (33, '2023-03-09 17:51:38.449282');
INSERT INTO session (user_id, connected_at) VALUES (57, '2023-04-19 17:21:21.407880');
INSERT INTO session (user_id, connected_at) VALUES (33, '2023-05-11 20:08:27.416324');
INSERT INTO session (user_id, connected_at) VALUES (12, '2023-02-22 22:56:56.450796');
INSERT INTO session (user_id, connected_at) VALUES (66, '2023-01-27 04:30:11.772003');
INSERT INTO session (user_id, connected_at) VALUES (82, '2023-04-11 05:37:49.584507');
INSERT INTO session (user_id, connected_at) VALUES (21, '2023-03-22 19:44:58.107494');
INSERT INTO session (user_id, connected_at) VALUES (60, '2023-01-18 09:51:07.597758');
INSERT INTO session (user_id, connected_at) VALUES (5, '2023-06-28 09:28:08.769869');
INSERT INTO session (user_id, connected_at) VALUES (72, '2023-06-24 01:33:09.309645');
INSERT INTO session (user_id, connected_at) VALUES (63, '2023-06-12 18:50:23.518216');
INSERT INTO session (user_id, connected_at) VALUES (72, '2023-01-07 13:34:18.422312');
INSERT INTO session (user_id, connected_at) VALUES (5, '2023-04-23 22:50:26.714116');
INSERT INTO session (user_id, connected_at) VALUES (32, '2023-01-25 18:21:53.758169');
INSERT INTO session (user_id, connected_at) VALUES (47, '2023-02-22 04:27:49.700006');
INSERT INTO session (user_id, connected_at) VALUES (60, '2023-06-12 18:35:35.525046');
INSERT INTO session (user_id, connected_at) VALUES (4, '2023-06-11 07:33:08.627576');
INSERT INTO session (user_id, connected_at) VALUES (79, '2023-05-29 04:16:15.801378');
INSERT INTO session (user_id, connected_at) VALUES (65, '2023-04-28 02:27:21.600839');
INSERT INTO session (user_id, connected_at) VALUES (34, '2023-04-29 20:58:11.659798');
INSERT INTO session (user_id, connected_at) VALUES (1, '2023-03-29 12:39:59.683108');
INSERT INTO session (user_id, connected_at) VALUES (59, '2023-01-10 08:08:25.594846');
INSERT INTO session (user_id, connected_at) VALUES (71, '2023-02-19 11:57:32.882986');
INSERT INTO session (user_id, connected_at) VALUES (3, '2023-03-01 08:10:12.671401');
INSERT INTO session (user_id, connected_at) VALUES (33, '2023-01-27 16:47:12.659767');
INSERT INTO session (user_id, connected_at) VALUES (20, '2023-02-12 11:16:26.168596');
INSERT INTO session (user_id, connected_at) VALUES (73, '2023-05-07 04:08:22.922061');
INSERT INTO session (user_id, connected_at) VALUES (69, '2023-04-06 07:13:32.796987');
INSERT INTO session (user_id, connected_at) VALUES (75, '2023-05-23 05:24:51.835239');
INSERT INTO session (user_id, connected_at) VALUES (48, '2023-02-18 00:42:03.890714');
INSERT INTO session (user_id, connected_at) VALUES (85, '2023-01-23 20:36:28.551833');
INSERT INTO session (user_id, connected_at) VALUES (36, '2023-02-10 17:35:34.500808');
INSERT INTO session (user_id, connected_at) VALUES (67, '2023-01-15 00:02:17.028896');
INSERT INTO session (user_id, connected_at) VALUES (79, '2023-06-01 15:19:43.872559');
INSERT INTO session (user_id, connected_at) VALUES (61, '2023-03-08 03:40:26.555093');
INSERT INTO session (user_id, connected_at) VALUES (9, '2023-04-12 12:29:43.297889');
INSERT INTO session (user_id, connected_at) VALUES (25, '2023-03-18 23:39:40.876846');
INSERT INTO session (user_id, connected_at) VALUES (42, '2023-05-22 05:28:59.908724');
INSERT INTO session (user_id, connected_at) VALUES (83, '2023-05-13 09:33:54.643265');
INSERT INTO session (user_id, connected_at) VALUES (34, '2023-05-21 18:43:17.521044');
INSERT INTO session (user_id, connected_at) VALUES (83, '2023-06-24 04:53:04.727841');
INSERT INTO session (user_id, connected_at) VALUES (27, '2023-02-23 14:49:48.553010');
INSERT INTO session (user_id, connected_at) VALUES (2, '2023-04-22 08:28:57.517563');
INSERT INTO session (user_id, connected_at) VALUES (13, '2023-02-12 07:01:28.924981');
INSERT INTO session (user_id, connected_at) VALUES (68, '2023-01-13 10:40:32.568324');
INSERT INTO session (user_id, connected_at) VALUES (50, '2023-02-28 03:57:57.889819');
INSERT INTO session (user_id, connected_at) VALUES (2, '2023-05-05 10:18:48.960068');
INSERT INTO session (user_id, connected_at) VALUES (63, '2023-02-17 06:16:10.712725');
INSERT INTO session (user_id, connected_at) VALUES (50, '2023-05-01 07:55:45.474283');
INSERT INTO session (user_id, connected_at) VALUES (79, '2023-02-02 08:12:42.146232');
INSERT INTO session (user_id, connected_at) VALUES (78, '2023-01-26 01:13:48.485030');
INSERT INTO session (user_id, connected_at) VALUES (10, '2023-03-04 11:03:23.497019');
INSERT INTO session (user_id, connected_at) VALUES (37, '2023-01-27 01:32:25.890641');
INSERT INTO session (user_id, connected_at) VALUES (51, '2023-06-04 21:17:33.517378');
INSERT INTO session (user_id, connected_at) VALUES (81, '2023-04-05 01:31:41.324218');
INSERT INTO session (user_id, connected_at) VALUES (28, '2023-01-19 04:35:38.075309');
INSERT INTO session (user_id, connected_at) VALUES (64, '2023-03-27 04:01:42.313165');
INSERT INTO session (user_id, connected_at) VALUES (20, '2023-04-29 01:45:46.743818');
INSERT INTO session (user_id, connected_at) VALUES (55, '2023-05-04 13:19:57.467263');
INSERT INTO session (user_id, connected_at) VALUES (33, '2023-01-26 02:26:03.319980');
INSERT INTO session (user_id, connected_at) VALUES (84, '2023-03-29 03:39:54.294067');
INSERT INTO session (user_id, connected_at) VALUES (29, '2023-05-27 01:37:04.726975');
INSERT INTO session (user_id, connected_at) VALUES (44, '2023-04-20 01:36:11.289414');
INSERT INTO session (user_id, connected_at) VALUES (20, '2023-05-21 10:20:05.488748');
INSERT INTO session (user_id, connected_at) VALUES (74, '2023-04-24 21:43:21.314256');
INSERT INTO session (user_id, connected_at) VALUES (10, '2023-06-11 05:55:50.279542');
INSERT INTO session (user_id, connected_at) VALUES (6, '2023-03-12 13:08:10.475152');
INSERT INTO session (user_id, connected_at) VALUES (73, '2023-01-21 22:18:54.049448');
INSERT INTO session (user_id, connected_at) VALUES (52, '2023-06-27 07:33:53.563748');
INSERT INTO session (user_id, connected_at) VALUES (55, '2023-03-25 18:08:07.241701');
INSERT INTO session (user_id, connected_at) VALUES (35, '2023-04-16 11:42:21.548366');
INSERT INTO session (user_id, connected_at) VALUES (75, '2023-02-05 19:28:35.596189');
INSERT INTO session (user_id, connected_at) VALUES (72, '2023-04-11 03:43:34.905592');
INSERT INTO session (user_id, connected_at) VALUES (16, '2023-01-05 12:14:04.359298');
INSERT INTO session (user_id, connected_at) VALUES (74, '2023-01-18 19:13:21.816864');
INSERT INTO session (user_id, connected_at) VALUES (47, '2023-06-29 06:08:20.372484');
INSERT INTO session (user_id, connected_at) VALUES (83, '2023-06-21 15:52:28.168206');
INSERT INTO session (user_id, connected_at) VALUES (62, '2023-01-09 06:42:39.740754');
INSERT INTO session (user_id, connected_at) VALUES (72, '2023-01-31 10:59:45.769763');
INSERT INTO session (user_id, connected_at) VALUES (58, '2023-05-11 01:25:38.384602');
INSERT INTO session (user_id, connected_at) VALUES (46, '2023-01-28 13:08:20.422785');
INSERT INTO session (user_id, connected_at) VALUES (47, '2023-03-05 21:03:38.472023');
INSERT INTO session (user_id, connected_at) VALUES (73, '2023-06-05 16:09:16.413353');
INSERT INTO session (user_id, connected_at) VALUES (35, '2023-04-15 15:22:30.238931');
INSERT INTO session (user_id, connected_at) VALUES (23, '2023-05-19 08:09:25.264070');
INSERT INTO session (user_id, connected_at) VALUES (4, '2023-01-14 05:45:41.961534');
INSERT INTO session (user_id, connected_at) VALUES (83, '2023-02-01 17:13:16.588582');
INSERT INTO session (user_id, connected_at) VALUES (15, '2023-03-21 16:26:40.348506');
INSERT INTO session (user_id, connected_at) VALUES (2, '2023-05-08 04:16:05.385790');
INSERT INTO session (user_id, connected_at) VALUES (49, '2023-04-25 20:13:17.455173');
INSERT INTO session (user_id, connected_at) VALUES (41, '2023-02-12 13:11:06.083329');
INSERT INTO session (user_id, connected_at) VALUES (59, '2023-02-22 14:05:18.044077');
INSERT INTO session (user_id, connected_at) VALUES (54, '2023-05-20 23:55:46.361450');
INSERT INTO session (user_id, connected_at) VALUES (59, '2023-06-05 20:55:43.156795');
INSERT INTO session (user_id, connected_at) VALUES (12, '2023-04-21 11:11:10.495986');
INSERT INTO session (user_id, connected_at) VALUES (28, '2023-02-24 00:58:12.261972');
INSERT INTO session (user_id, connected_at) VALUES (65, '2023-03-13 02:50:18.205958');
INSERT INTO session (user_id, connected_at) VALUES (63, '2023-03-27 00:05:52.326850');
INSERT INTO session (user_id, connected_at) VALUES (54, '2023-06-28 06:42:59.746345');
INSERT INTO session (user_id, connected_at) VALUES (1, '2023-05-30 14:41:55.764751');
INSERT INTO session (user_id, connected_at) VALUES (81, '2023-06-15 18:32:41.356978');
INSERT INTO session (user_id, connected_at) VALUES (3, '2023-04-03 07:13:10.125434');
INSERT INTO session (user_id, connected_at) VALUES (2, '2023-04-30 04:53:47.199417');
INSERT INTO session (user_id, connected_at) VALUES (8, '2023-01-20 15:09:35.444787');
INSERT INTO session (user_id, connected_at) VALUES (12, '2023-05-30 00:30:20.409395');
INSERT INTO session (user_id, connected_at) VALUES (49, '2023-06-11 10:50:51.345282');
INSERT INTO session (user_id, connected_at) VALUES (76, '2023-01-22 16:26:03.782162');
INSERT INTO session (user_id, connected_at) VALUES (29, '2023-06-21 19:32:26.564923');
INSERT INTO session (user_id, connected_at) VALUES (8, '2023-05-07 21:58:40.133905');
INSERT INTO session (user_id, connected_at) VALUES (15, '2023-03-26 00:21:02.096741');
INSERT INTO session (user_id, connected_at) VALUES (45, '2023-01-01 21:47:08.603546');
INSERT INTO session (user_id, connected_at) VALUES (48, '2023-02-22 04:00:23.382685');
INSERT INTO session (user_id, connected_at) VALUES (11, '2023-02-08 23:23:33.065939');
INSERT INTO session (user_id, connected_at) VALUES (63, '2023-06-29 05:45:26.201859');
INSERT INTO session (user_id, connected_at) VALUES (64, '2023-02-06 17:03:12.661189');
INSERT INTO session (user_id, connected_at) VALUES (16, '2023-05-20 16:54:06.943080');
INSERT INTO session (user_id, connected_at) VALUES (74, '2023-02-20 13:49:13.388925');
INSERT INTO session (user_id, connected_at) VALUES (63, '2023-04-01 21:59:04.368139');
INSERT INTO session (user_id, connected_at) VALUES (80, '2023-05-09 14:23:01.857637');
INSERT INTO session (user_id, connected_at) VALUES (38, '2023-04-15 10:32:37.683212');
INSERT INTO session (user_id, connected_at) VALUES (78, '2023-05-30 16:30:37.120639');
INSERT INTO session (user_id, connected_at) VALUES (26, '2023-04-12 04:29:02.142249');
INSERT INTO session (user_id, connected_at) VALUES (42, '2023-03-22 03:31:23.372691');
INSERT INTO session (user_id, connected_at) VALUES (14, '2023-03-22 10:03:28.633039');
INSERT INTO session (user_id, connected_at) VALUES (82, '2023-04-07 14:50:34.069938');
INSERT INTO session (user_id, connected_at) VALUES (18, '2023-04-08 23:38:19.107560');
INSERT INTO session (user_id, connected_at) VALUES (24, '2023-02-18 00:07:56.163220');
INSERT INTO session (user_id, connected_at) VALUES (16, '2023-05-19 14:19:45.632180');
INSERT INTO session (user_id, connected_at) VALUES (75, '2023-03-20 20:51:47.685238');
INSERT INTO session (user_id, connected_at) VALUES (75, '2023-03-12 07:23:57.925947');
INSERT INTO session (user_id, connected_at) VALUES (45, '2023-02-05 18:12:12.266509');
INSERT INTO session (user_id, connected_at) VALUES (64, '2023-03-17 20:14:08.794416');
INSERT INTO session (user_id, connected_at) VALUES (12, '2023-05-19 13:28:36.994514');
INSERT INTO session (user_id, connected_at) VALUES (17, '2023-03-10 12:29:00.864010');
INSERT INTO session (user_id, connected_at) VALUES (41, '2023-06-16 03:29:40.906064');
INSERT INTO session (user_id, connected_at) VALUES (29, '2023-04-20 01:38:04.207255');
INSERT INTO session (user_id, connected_at) VALUES (9, '2023-05-10 17:46:41.872210');
INSERT INTO session (user_id, connected_at) VALUES (10, '2023-06-05 10:27:21.208833');
INSERT INTO session (user_id, connected_at) VALUES (69, '2023-01-05 21:18:43.490628');
INSERT INTO session (user_id, connected_at) VALUES (68, '2023-03-08 00:37:21.518463');
INSERT INTO session (user_id, connected_at) VALUES (12, '2023-04-06 14:33:11.033395');
INSERT INTO session (user_id, connected_at) VALUES (46, '2023-05-14 11:26:53.873399');
INSERT INTO session (user_id, connected_at) VALUES (30, '2023-05-29 08:14:59.574171');
INSERT INTO session (user_id, connected_at) VALUES (47, '2023-03-20 12:14:58.140847');
INSERT INTO session (user_id, connected_at) VALUES (19, '2023-06-11 04:01:28.753091');
INSERT INTO session (user_id, connected_at) VALUES (1, '2023-06-06 21:58:21.739489');
INSERT INTO session (user_id, connected_at) VALUES (17, '2023-04-28 22:01:12.348380');
INSERT INTO session (user_id, connected_at) VALUES (74, '2023-06-19 05:13:10.377409');
INSERT INTO session (user_id, connected_at) VALUES (60, '2023-06-28 06:27:41.234190');
INSERT INTO session (user_id, connected_at) VALUES (15, '2023-04-12 13:29:51.100406');
INSERT INTO session (user_id, connected_at) VALUES (65, '2023-06-04 05:39:00.612213');
INSERT INTO session (user_id, connected_at) VALUES (43, '2023-02-13 00:02:45.123188');
INSERT INTO session (user_id, connected_at) VALUES (75, '2023-04-23 19:48:22.687031');
INSERT INTO session (user_id, connected_at) VALUES (55, '2023-05-31 21:43:54.731850');
INSERT INTO session (user_id, connected_at) VALUES (70, '2023-05-11 01:21:32.632280');
INSERT INTO session (user_id, connected_at) VALUES (31, '2023-06-07 11:21:16.560933');
INSERT INTO session (user_id, connected_at) VALUES (46, '2023-06-10 00:05:06.206890');
INSERT INTO session (user_id, connected_at) VALUES (23, '2023-01-01 18:03:21.228471');
INSERT INTO session (user_id, connected_at) VALUES (27, '2023-06-25 20:35:08.048143');
INSERT INTO session (user_id, connected_at) VALUES (23, '2023-05-06 18:33:15.434681');
INSERT INTO session (user_id, connected_at) VALUES (53, '2023-02-14 20:41:32.430773');
INSERT INTO session (user_id, connected_at) VALUES (13, '2023-04-19 15:33:03.233424');
INSERT INTO session (user_id, connected_at) VALUES (70, '2023-03-27 01:44:51.269158');
INSERT INTO session (user_id, connected_at) VALUES (82, '2023-06-26 05:32:04.066103');
INSERT INTO session (user_id, connected_at) VALUES (59, '2023-02-23 05:32:39.122741');
INSERT INTO session (user_id, connected_at) VALUES (54, '2023-03-27 01:49:18.270704');
INSERT INTO session (user_id, connected_at) VALUES (17, '2023-03-13 03:09:40.711185');
INSERT INTO session (user_id, connected_at) VALUES (78, '2023-06-20 17:43:07.170000');
INSERT INTO session (user_id, connected_at) VALUES (75, '2023-05-20 08:56:23.578702');
INSERT INTO session (user_id, connected_at) VALUES (6, '2023-06-21 02:53:58.360589');
INSERT INTO session (user_id, connected_at) VALUES (71, '2023-03-08 11:36:41.285570');
INSERT INTO session (user_id, connected_at) VALUES (77, '2023-02-08 18:35:09.724851');
INSERT INTO session (user_id, connected_at) VALUES (76, '2023-02-02 07:12:22.258330');
INSERT INTO session (user_id, connected_at) VALUES (64, '2023-05-23 15:26:09.137785');
INSERT INTO session (user_id, connected_at) VALUES (17, '2023-04-26 19:59:12.840372');
INSERT INTO session (user_id, connected_at) VALUES (21, '2023-04-09 16:45:56.290275');
INSERT INTO session (user_id, connected_at) VALUES (55, '2023-02-02 20:58:10.864877');
INSERT INTO session (user_id, connected_at) VALUES (8, '2023-05-26 13:06:28.089544');
INSERT INTO session (user_id, connected_at) VALUES (85, '2023-04-29 02:12:33.765730');
INSERT INTO session (user_id, connected_at) VALUES (12, '2023-02-28 08:18:17.907177');
INSERT INTO session (user_id, connected_at) VALUES (53, '2023-05-11 06:21:57.506102');
INSERT INTO session (user_id, connected_at) VALUES (72, '2023-05-18 10:41:11.821311');
INSERT INTO session (user_id, connected_at) VALUES (2, '2023-05-23 19:46:07.839878');
INSERT INTO session (user_id, connected_at) VALUES (69, '2023-04-05 00:45:50.012954');
INSERT INTO session (user_id, connected_at) VALUES (7, '2023-06-10 17:20:33.054926');
INSERT INTO session (user_id, connected_at) VALUES (47, '2023-06-21 02:02:54.476715');
INSERT INTO session (user_id, connected_at) VALUES (74, '2023-04-01 16:07:48.845731');
INSERT INTO session (user_id, connected_at) VALUES (2, '2023-01-11 00:41:33.839880');
INSERT INTO session (user_id, connected_at) VALUES (39, '2023-03-05 16:56:31.172569');
INSERT INTO session (user_id, connected_at) VALUES (11, '2023-01-03 19:20:33.327717');
INSERT INTO session (user_id, connected_at) VALUES (32, '2023-05-04 16:27:13.091234');
INSERT INTO session (user_id, connected_at) VALUES (37, '2023-02-02 23:13:09.064981');
INSERT INTO session (user_id, connected_at) VALUES (75, '2023-04-01 09:37:34.894532');
INSERT INTO session (user_id, connected_at) VALUES (83, '2023-01-05 19:14:58.759662');
INSERT INTO session (user_id, connected_at) VALUES (22, '2023-02-01 10:09:03.470398');
INSERT INTO session (user_id, connected_at) VALUES (35, '2023-06-06 15:58:45.380403');
INSERT INTO session (user_id, connected_at) VALUES (2, '2023-03-13 23:55:43.396866');
INSERT INTO session (user_id, connected_at) VALUES (26, '2023-02-19 11:32:05.251087');
INSERT INTO session (user_id, connected_at) VALUES (15, '2023-06-04 10:02:24.744044');
INSERT INTO session (user_id, connected_at) VALUES (77, '2023-03-22 06:30:04.843050');
INSERT INTO session (user_id, connected_at) VALUES (76, '2023-05-24 05:25:42.674393');
INSERT INTO session (user_id, connected_at) VALUES (18, '2023-01-26 18:49:37.414360');
INSERT INTO session (user_id, connected_at) VALUES (58, '2023-06-01 18:47:54.530409');
INSERT INTO session (user_id, connected_at) VALUES (82, '2023-05-15 06:44:14.836252');
INSERT INTO session (user_id, connected_at) VALUES (84, '2023-02-13 19:05:07.367730');
INSERT INTO session (user_id, connected_at) VALUES (33, '2023-04-08 04:05:35.801331');
INSERT INTO session (user_id, connected_at) VALUES (82, '2023-01-23 15:08:00.697475');
INSERT INTO session (user_id, connected_at) VALUES (21, '2023-01-02 11:49:55.931475');
INSERT INTO session (user_id, connected_at) VALUES (23, '2023-02-12 17:49:45.856487');
INSERT INTO session (user_id, connected_at) VALUES (8, '2023-05-17 04:53:28.403898');
INSERT INTO session (user_id, connected_at) VALUES (85, '2023-03-11 18:23:13.602948');
INSERT INTO session (user_id, connected_at) VALUES (55, '2023-05-13 08:31:50.182822');
INSERT INTO session (user_id, connected_at) VALUES (22, '2023-02-21 23:02:36.685954');
INSERT INTO session (user_id, connected_at) VALUES (33, '2023-03-06 06:06:12.013924');
INSERT INTO session (user_id, connected_at) VALUES (41, '2023-02-22 04:54:32.748690');
INSERT INTO session (user_id, connected_at) VALUES (76, '2023-02-09 18:56:06.226521');
INSERT INTO session (user_id, connected_at) VALUES (62, '2023-03-20 04:00:00.248309');
INSERT INTO session (user_id, connected_at) VALUES (53, '2023-06-05 04:27:47.659357');
INSERT INTO session (user_id, connected_at) VALUES (43, '2023-06-26 18:48:14.095183');
INSERT INTO session (user_id, connected_at) VALUES (34, '2023-01-09 11:04:51.228996');
INSERT INTO session (user_id, connected_at) VALUES (7, '2023-06-28 10:13:45.346715');
INSERT INTO session (user_id, connected_at) VALUES (56, '2023-03-24 16:54:12.821333');
INSERT INTO session (user_id, connected_at) VALUES (81, '2023-06-17 09:57:16.723864');
INSERT INTO session (user_id, connected_at) VALUES (34, '2023-03-18 23:55:02.440689');
INSERT INTO session (user_id, connected_at) VALUES (55, '2023-04-04 17:29:31.470398');
INSERT INTO session (user_id, connected_at) VALUES (29, '2023-01-04 00:59:45.050360');
INSERT INTO session (user_id, connected_at) VALUES (17, '2023-05-11 18:53:50.765865');
INSERT INTO session (user_id, connected_at) VALUES (31, '2023-06-04 22:16:43.183308');
INSERT INTO session (user_id, connected_at) VALUES (46, '2023-01-28 09:18:54.672817');
INSERT INTO session (user_id, connected_at) VALUES (63, '2023-03-20 12:02:55.207025');
INSERT INTO session (user_id, connected_at) VALUES (34, '2023-02-12 00:57:21.908639');
INSERT INTO session (user_id, connected_at) VALUES (54, '2023-03-30 19:13:08.452803');
INSERT INTO session (user_id, connected_at) VALUES (40, '2023-01-22 23:16:00.665645');
INSERT INTO session (user_id, connected_at) VALUES (34, '2023-03-19 15:09:33.047672');
INSERT INTO session (user_id, connected_at) VALUES (12, '2023-04-16 20:51:04.266186');
INSERT INTO session (user_id, connected_at) VALUES (60, '2023-02-23 11:49:53.495636');
INSERT INTO session (user_id, connected_at) VALUES (40, '2023-04-24 19:57:19.084446');
INSERT INTO session (user_id, connected_at) VALUES (66, '2023-06-04 06:04:16.953097');
INSERT INTO session (user_id, connected_at) VALUES (61, '2023-02-19 08:57:38.358033');
INSERT INTO session (user_id, connected_at) VALUES (58, '2023-06-08 23:45:20.838039');
INSERT INTO session (user_id, connected_at) VALUES (44, '2023-05-15 03:15:53.016171');
INSERT INTO session (user_id, connected_at) VALUES (49, '2023-01-24 08:59:39.593208');
INSERT INTO session (user_id, connected_at) VALUES (15, '2023-02-24 22:44:48.168396');
INSERT INTO session (user_id, connected_at) VALUES (83, '2023-03-21 13:14:50.859666');
INSERT INTO session (user_id, connected_at) VALUES (80, '2023-02-18 11:21:10.780745');
INSERT INTO session (user_id, connected_at) VALUES (35, '2023-01-29 08:31:30.349536');
INSERT INTO session (user_id, connected_at) VALUES (16, '2023-04-16 21:08:20.060944');
INSERT INTO session (user_id, connected_at) VALUES (69, '2023-05-06 15:56:27.458593');
INSERT INTO session (user_id, connected_at) VALUES (42, '2023-06-15 17:00:49.962904');
INSERT INTO session (user_id, connected_at) VALUES (82, '2023-03-24 17:12:47.752533');
INSERT INTO session (user_id, connected_at) VALUES (71, '2023-03-17 12:28:07.343494');
INSERT INTO session (user_id, connected_at) VALUES (58, '2023-04-30 13:47:24.958964');
INSERT INTO session (user_id, connected_at) VALUES (22, '2023-01-23 19:41:01.344264');
INSERT INTO session (user_id, connected_at) VALUES (47, '2023-02-18 04:41:32.520659');
INSERT INTO session (user_id, connected_at) VALUES (8, '2023-02-03 05:16:34.299531');
INSERT INTO session (user_id, connected_at) VALUES (26, '2023-06-22 01:31:03.220051');
INSERT INTO session (user_id, connected_at) VALUES (72, '2023-03-23 11:22:28.407734');
INSERT INTO session (user_id, connected_at) VALUES (48, '2023-03-25 09:36:44.075453');
INSERT INTO session (user_id, connected_at) VALUES (81, '2023-06-22 21:55:53.730951');
INSERT INTO session (user_id, connected_at) VALUES (58, '2023-02-09 11:31:59.482670');
INSERT INTO session (user_id, connected_at) VALUES (18, '2023-04-15 12:52:34.874151');
INSERT INTO session (user_id, connected_at) VALUES (23, '2023-05-04 03:19:47.057577');
INSERT INTO session (user_id, connected_at) VALUES (78, '2023-05-16 02:01:18.586032');
INSERT INTO session (user_id, connected_at) VALUES (18, '2023-03-03 10:16:35.149184');
INSERT INTO session (user_id, connected_at) VALUES (2, '2023-01-22 01:05:56.079020');
INSERT INTO session (user_id, connected_at) VALUES (65, '2023-03-06 20:35:42.385573');
INSERT INTO session (user_id, connected_at) VALUES (35, '2023-04-19 06:50:55.692203');
INSERT INTO session (user_id, connected_at) VALUES (14, '2023-05-16 21:39:03.630339');
INSERT INTO session (user_id, connected_at) VALUES (2, '2023-03-17 16:56:04.436655');
INSERT INTO session (user_id, connected_at) VALUES (69, '2023-03-02 17:41:31.158153');
INSERT INTO session (user_id, connected_at) VALUES (49, '2023-01-04 00:01:36.764994');
INSERT INTO session (user_id, connected_at) VALUES (35, '2023-04-26 17:26:30.449579');
INSERT INTO session (user_id, connected_at) VALUES (29, '2023-06-21 20:17:42.270618');
INSERT INTO session (user_id, connected_at) VALUES (45, '2023-03-17 20:07:15.450331');
INSERT INTO session (user_id, connected_at) VALUES (42, '2023-05-02 19:25:41.074523');
INSERT INTO session (user_id, connected_at) VALUES (8, '2023-06-23 09:47:45.918161');
INSERT INTO session (user_id, connected_at) VALUES (11, '2023-01-20 22:12:28.213381');
INSERT INTO session (user_id, connected_at) VALUES (48, '2023-03-06 02:14:24.899358');
INSERT INTO session (user_id, connected_at) VALUES (45, '2023-02-19 04:24:08.965062');
INSERT INTO session (user_id, connected_at) VALUES (79, '2023-05-02 22:07:55.463527');
INSERT INTO session (user_id, connected_at) VALUES (31, '2023-05-09 07:53:19.527464');
INSERT INTO session (user_id, connected_at) VALUES (72, '2023-03-20 00:34:49.390531');
INSERT INTO session (user_id, connected_at) VALUES (70, '2023-01-10 04:35:04.900636');
INSERT INTO session (user_id, connected_at) VALUES (58, '2023-04-05 01:31:49.149813');
INSERT INTO session (user_id, connected_at) VALUES (1, '2023-02-21 00:05:26.785507');
INSERT INTO session (user_id, connected_at) VALUES (42, '2023-04-20 04:43:31.982295');
INSERT INTO session (user_id, connected_at) VALUES (39, '2023-03-11 10:50:37.107984');
INSERT INTO session (user_id, connected_at) VALUES (39, '2023-02-10 23:10:21.205557');
INSERT INTO session (user_id, connected_at) VALUES (50, '2023-05-05 10:52:35.125778');
INSERT INTO session (user_id, connected_at) VALUES (58, '2023-03-12 19:33:42.490001');
INSERT INTO session (user_id, connected_at) VALUES (26, '2023-02-23 15:00:41.322612');
INSERT INTO session (user_id, connected_at) VALUES (38, '2023-04-11 15:09:05.126584');
INSERT INTO session (user_id, connected_at) VALUES (5, '2023-01-19 22:54:56.786455');
INSERT INTO session (user_id, connected_at) VALUES (20, '2023-05-07 17:18:40.785361');
INSERT INTO session (user_id, connected_at) VALUES (80, '2023-03-04 00:37:23.795825');
INSERT INTO session (user_id, connected_at) VALUES (77, '2023-06-15 08:43:15.017565');
INSERT INTO session (user_id, connected_at) VALUES (27, '2023-04-07 02:56:15.931566');
INSERT INTO session (user_id, connected_at) VALUES (56, '2023-05-08 15:16:48.680934');
INSERT INTO session (user_id, connected_at) VALUES (4, '2023-06-15 05:33:47.892215');
INSERT INTO session (user_id, connected_at) VALUES (21, '2023-02-19 05:26:22.340300');
INSERT INTO session (user_id, connected_at) VALUES (15, '2023-02-24 23:58:16.175221');
INSERT INTO session (user_id, connected_at) VALUES (84, '2023-02-25 09:42:24.793052');
INSERT INTO session (user_id, connected_at) VALUES (65, '2023-06-05 16:37:21.453272');
INSERT INTO session (user_id, connected_at) VALUES (4, '2023-03-29 04:13:42.396869');
INSERT INTO session (user_id, connected_at) VALUES (59, '2023-02-01 04:06:35.177079');
INSERT INTO session (user_id, connected_at) VALUES (24, '2023-01-09 16:34:04.795901');
INSERT INTO session (user_id, connected_at) VALUES (51, '2023-04-18 03:21:49.662159');
INSERT INTO session (user_id, connected_at) VALUES (76, '2023-03-09 01:43:32.908748');
INSERT INTO session (user_id, connected_at) VALUES (1, '2023-04-08 13:27:39.708083');
INSERT INTO session (user_id, connected_at) VALUES (16, '2023-02-03 22:25:38.167719');
INSERT INTO session (user_id, connected_at) VALUES (17, '2023-06-03 11:28:52.783308');
INSERT INTO session (user_id, connected_at) VALUES (31, '2023-01-31 09:43:12.298086');
INSERT INTO session (user_id, connected_at) VALUES (59, '2023-02-07 12:30:14.372891');
INSERT INTO session (user_id, connected_at) VALUES (1, '2023-04-30 07:21:03.981678');
INSERT INTO session (user_id, connected_at) VALUES (15, '2023-03-26 01:31:47.698358');
INSERT INTO session (user_id, connected_at) VALUES (68, '2023-06-13 11:18:38.675822');
INSERT INTO session (user_id, connected_at) VALUES (15, '2023-06-28 02:05:16.832115');
INSERT INTO session (user_id, connected_at) VALUES (5, '2023-06-11 15:07:57.364328');
INSERT INTO session (user_id, connected_at) VALUES (49, '2023-05-31 19:01:02.367545');
INSERT INTO session (user_id, connected_at) VALUES (65, '2023-02-01 19:07:01.154014');
INSERT INTO session (user_id, connected_at) VALUES (41, '2023-03-22 08:55:31.468478');
INSERT INTO session (user_id, connected_at) VALUES (29, '2023-04-27 12:44:15.414677');
INSERT INTO session (user_id, connected_at) VALUES (79, '2023-06-06 09:25:38.573000');
INSERT INTO session (user_id, connected_at) VALUES (66, '2023-05-07 21:47:59.730509');
INSERT INTO session (user_id, connected_at) VALUES (26, '2023-04-30 12:21:57.736177');
INSERT INTO session (user_id, connected_at) VALUES (44, '2023-06-10 15:51:14.465462');
INSERT INTO session (user_id, connected_at) VALUES (64, '2023-03-22 02:04:34.987143');
INSERT INTO session (user_id, connected_at) VALUES (40, '2023-06-23 09:34:11.635534');
INSERT INTO session (user_id, connected_at) VALUES (49, '2023-06-22 06:52:20.208718');
INSERT INTO session (user_id, connected_at) VALUES (45, '2023-06-23 10:29:55.571285');
INSERT INTO session (user_id, connected_at) VALUES (68, '2023-05-29 08:39:33.919458');
INSERT INTO session (user_id, connected_at) VALUES (67, '2023-05-06 08:00:56.216726');
INSERT INTO session (user_id, connected_at) VALUES (14, '2023-04-25 08:58:28.278878');
INSERT INTO session (user_id, connected_at) VALUES (27, '2023-03-02 04:55:41.159053');
INSERT INTO session (user_id, connected_at) VALUES (72, '2023-01-15 22:28:43.904740');
INSERT INTO session (user_id, connected_at) VALUES (62, '2023-03-29 02:13:00.479798');
INSERT INTO session (user_id, connected_at) VALUES (60, '2023-03-08 19:50:20.984948');
INSERT INTO session (user_id, connected_at) VALUES (56, '2023-05-15 15:08:05.491730');
INSERT INTO session (user_id, connected_at) VALUES (2, '2023-05-19 00:46:16.576222');
INSERT INTO session (user_id, connected_at) VALUES (49, '2023-02-16 10:47:51.045410');
INSERT INTO session (user_id, connected_at) VALUES (82, '2023-04-11 08:44:55.516075');
INSERT INTO session (user_id, connected_at) VALUES (56, '2023-04-09 12:19:00.916919');
INSERT INTO session (user_id, connected_at) VALUES (13, '2023-05-12 12:04:14.613129');
INSERT INTO session (user_id, connected_at) VALUES (13, '2023-02-22 08:00:04.543526');
INSERT INTO session (user_id, connected_at) VALUES (76, '2023-04-19 13:07:47.359885');
INSERT INTO session (user_id, connected_at) VALUES (41, '2023-05-06 05:59:10.972270');
INSERT INTO session (user_id, connected_at) VALUES (40, '2023-03-23 08:00:38.465012');
INSERT INTO session (user_id, connected_at) VALUES (61, '2023-02-28 10:40:35.475085');
INSERT INTO session (user_id, connected_at) VALUES (35, '2023-06-02 10:12:21.493221');
INSERT INTO session (user_id, connected_at) VALUES (13, '2023-01-15 07:33:57.731004');
INSERT INTO session (user_id, connected_at) VALUES (82, '2023-03-01 04:06:29.752019');
INSERT INTO session (user_id, connected_at) VALUES (80, '2023-06-18 08:21:31.892277');
INSERT INTO session (user_id, connected_at) VALUES (8, '2023-04-01 20:57:45.604169');
INSERT INTO session (user_id, connected_at) VALUES (9, '2023-05-22 09:17:11.427435');
INSERT INTO session (user_id, connected_at) VALUES (36, '2023-05-28 14:52:00.236695');
INSERT INTO session (user_id, connected_at) VALUES (37, '2023-02-12 17:30:15.638300');
INSERT INTO session (user_id, connected_at) VALUES (12, '2023-06-11 21:44:00.896089');
INSERT INTO session (user_id, connected_at) VALUES (73, '2023-06-22 10:28:17.399456');
INSERT INTO session (user_id, connected_at) VALUES (20, '2023-06-11 21:48:25.836219');
INSERT INTO session (user_id, connected_at) VALUES (74, '2023-05-20 22:58:15.573831');
INSERT INTO session (user_id, connected_at) VALUES (27, '2023-02-12 23:39:06.155962');
INSERT INTO session (user_id, connected_at) VALUES (74, '2023-05-27 19:28:50.581037');
INSERT INTO session (user_id, connected_at) VALUES (17, '2023-02-01 21:39:30.910212');
INSERT INTO session (user_id, connected_at) VALUES (84, '2023-03-07 23:24:42.322250');
INSERT INTO session (user_id, connected_at) VALUES (17, '2023-01-19 20:45:34.410980');
INSERT INTO session (user_id, connected_at) VALUES (70, '2023-04-24 03:28:59.670776');
INSERT INTO session (user_id, connected_at) VALUES (35, '2023-02-03 02:07:06.234468');
INSERT INTO session (user_id, connected_at) VALUES (38, '2023-02-06 19:20:12.766516');
INSERT INTO session (user_id, connected_at) VALUES (7, '2023-06-03 14:39:45.681537');
INSERT INTO session (user_id, connected_at) VALUES (66, '2023-06-16 05:11:50.980159');
INSERT INTO session (user_id, connected_at) VALUES (23, '2023-06-03 09:54:43.225904');
INSERT INTO session (user_id, connected_at) VALUES (65, '2023-05-27 10:43:29.781532');
INSERT INTO session (user_id, connected_at) VALUES (49, '2023-05-29 03:50:46.500677');
INSERT INTO session (user_id, connected_at) VALUES (45, '2023-02-04 00:16:11.116840');
INSERT INTO session (user_id, connected_at) VALUES (29, '2023-04-14 11:03:37.209976');
INSERT INTO session (user_id, connected_at) VALUES (32, '2023-05-14 05:04:02.003672');
INSERT INTO session (user_id, connected_at) VALUES (19, '2023-05-18 22:01:40.690208');
INSERT INTO session (user_id, connected_at) VALUES (44, '2023-02-18 00:45:30.869672');
INSERT INTO session (user_id, connected_at) VALUES (33, '2023-05-18 10:03:00.579904');
INSERT INTO session (user_id, connected_at) VALUES (80, '2023-02-28 15:59:09.354665');
INSERT INTO session (user_id, connected_at) VALUES (7, '2023-04-05 11:02:23.973375');
INSERT INTO session (user_id, connected_at) VALUES (1, '2023-03-10 20:47:41.965472');
INSERT INTO session (user_id, connected_at) VALUES (46, '2023-01-18 17:02:39.769114');
INSERT INTO session (user_id, connected_at) VALUES (30, '2023-03-16 12:55:09.123673');
INSERT INTO session (user_id, connected_at) VALUES (70, '2023-02-03 11:51:09.043947');
INSERT INTO session (user_id, connected_at) VALUES (33, '2023-05-04 11:35:52.940818');
INSERT INTO session (user_id, connected_at) VALUES (45, '2023-01-20 03:11:27.635328');
INSERT INTO session (user_id, connected_at) VALUES (12, '2023-03-13 11:06:20.728944');
INSERT INTO session (user_id, connected_at) VALUES (31, '2023-03-20 18:16:24.310441');
INSERT INTO session (user_id, connected_at) VALUES (38, '2023-02-14 11:40:30.398208');
INSERT INTO session (user_id, connected_at) VALUES (39, '2023-03-30 18:31:19.964523');
INSERT INTO session (user_id, connected_at) VALUES (60, '2023-04-19 14:28:56.862990');
INSERT INTO session (user_id, connected_at) VALUES (17, '2023-01-31 01:56:24.042141');
INSERT INTO session (user_id, connected_at) VALUES (11, '2023-01-13 16:39:37.149673');
INSERT INTO session (user_id, connected_at) VALUES (41, '2023-06-07 21:23:45.814682');
INSERT INTO session (user_id, connected_at) VALUES (14, '2023-03-17 21:00:26.409176');
INSERT INTO session (user_id, connected_at) VALUES (60, '2023-06-24 18:34:01.790613');
INSERT INTO session (user_id, connected_at) VALUES (74, '2023-01-12 12:32:01.661788');
INSERT INTO session (user_id, connected_at) VALUES (30, '2023-02-25 16:49:18.598504');
INSERT INTO session (user_id, connected_at) VALUES (5, '2023-03-07 02:18:54.763504');
INSERT INTO session (user_id, connected_at) VALUES (29, '2023-06-16 14:28:17.387962');
INSERT INTO session (user_id, connected_at) VALUES (77, '2023-03-23 19:01:34.453498');
INSERT INTO session (user_id, connected_at) VALUES (25, '2023-02-27 18:59:20.804475');
INSERT INTO session (user_id, connected_at) VALUES (41, '2023-04-23 18:52:12.291761');
INSERT INTO session (user_id, connected_at) VALUES (76, '2023-04-05 21:16:52.680525');
INSERT INTO session (user_id, connected_at) VALUES (55, '2023-04-23 12:56:48.859823');
INSERT INTO session (user_id, connected_at) VALUES (58, '2023-01-19 00:54:58.640130');
INSERT INTO session (user_id, connected_at) VALUES (7, '2023-03-04 22:39:54.839325');
INSERT INTO session (user_id, connected_at) VALUES (56, '2023-02-08 07:56:00.264179');
INSERT INTO session (user_id, connected_at) VALUES (55, '2023-05-30 20:15:44.790148');
INSERT INTO session (user_id, connected_at) VALUES (12, '2023-02-13 12:08:15.390974');
INSERT INTO session (user_id, connected_at) VALUES (15, '2023-01-21 01:59:52.186646');
INSERT INTO session (user_id, connected_at) VALUES (66, '2023-06-12 13:49:47.225616');
INSERT INTO session (user_id, connected_at) VALUES (57, '2023-01-30 22:54:14.979690');
INSERT INTO session (user_id, connected_at) VALUES (84, '2023-01-24 06:09:57.322518');
INSERT INTO session (user_id, connected_at) VALUES (22, '2023-04-18 23:06:46.328791');
INSERT INTO session (user_id, connected_at) VALUES (4, '2023-05-07 01:34:26.935120');
INSERT INTO session (user_id, connected_at) VALUES (8, '2023-03-01 17:58:34.598644');
INSERT INTO session (user_id, connected_at) VALUES (28, '2023-03-15 17:49:44.635970');
INSERT INTO session (user_id, connected_at) VALUES (48, '2023-04-10 20:36:21.275207');
INSERT INTO session (user_id, connected_at) VALUES (3, '2023-01-07 03:26:10.490716');
INSERT INTO session (user_id, connected_at) VALUES (63, '2023-06-09 03:20:09.881137');
INSERT INTO session (user_id, connected_at) VALUES (24, '2023-04-07 21:05:17.566601');
INSERT INTO session (user_id, connected_at) VALUES (59, '2023-03-27 01:51:45.647520');
INSERT INTO session (user_id, connected_at) VALUES (40, '2023-01-23 06:39:53.486658');
INSERT INTO session (user_id, connected_at) VALUES (2, '2023-01-10 14:44:22.361131');
INSERT INTO session (user_id, connected_at) VALUES (71, '2023-03-19 22:59:55.569924');
INSERT INTO session (user_id, connected_at) VALUES (31, '2023-02-26 23:21:40.631702');
INSERT INTO session (user_id, connected_at) VALUES (35, '2023-05-16 17:27:46.833208');
INSERT INTO session (user_id, connected_at) VALUES (20, '2023-04-10 12:59:34.463238');
INSERT INTO session (user_id, connected_at) VALUES (57, '2023-03-21 18:04:45.081111');
INSERT INTO session (user_id, connected_at) VALUES (64, '2023-02-12 18:38:43.376436');
INSERT INTO session (user_id, connected_at) VALUES (49, '2023-05-31 12:44:29.301557');
INSERT INTO session (user_id, connected_at) VALUES (19, '2023-04-09 03:02:06.612107');
INSERT INTO session (user_id, connected_at) VALUES (41, '2023-04-08 20:51:45.117145');
INSERT INTO session (user_id, connected_at) VALUES (2, '2023-05-15 08:45:47.564331');
INSERT INTO session (user_id, connected_at) VALUES (16, '2023-03-29 06:06:12.327224');
INSERT INTO session (user_id, connected_at) VALUES (82, '2023-02-14 19:58:15.831585');
INSERT INTO session (user_id, connected_at) VALUES (25, '2023-01-04 23:27:47.457138');
INSERT INTO session (user_id, connected_at) VALUES (19, '2023-05-25 06:46:36.175175');
INSERT INTO session (user_id, connected_at) VALUES (8, '2023-03-19 20:08:09.085433');
INSERT INTO session (user_id, connected_at) VALUES (19, '2023-03-08 16:43:08.515745');
INSERT INTO session (user_id, connected_at) VALUES (3, '2023-01-11 02:40:28.382426');
INSERT INTO session (user_id, connected_at) VALUES (22, '2023-04-04 12:23:53.301391');
INSERT INTO session (user_id, connected_at) VALUES (78, '2023-05-07 16:57:35.499107');
INSERT INTO session (user_id, connected_at) VALUES (63, '2023-01-06 11:18:22.007690');
INSERT INTO session (user_id, connected_at) VALUES (81, '2023-06-03 23:31:32.283964');
INSERT INTO session (user_id, connected_at) VALUES (9, '2023-06-18 04:32:21.208902');
INSERT INTO session (user_id, connected_at) VALUES (82, '2023-02-19 03:44:22.319900');
INSERT INTO session (user_id, connected_at) VALUES (30, '2023-02-25 18:18:44.716007');
INSERT INTO session (user_id, connected_at) VALUES (62, '2023-01-08 19:02:03.838106');
INSERT INTO session (user_id, connected_at) VALUES (1, '2023-06-19 08:48:05.928060');
INSERT INTO session (user_id, connected_at) VALUES (52, '2023-05-02 16:47:00.056431');
INSERT INTO session (user_id, connected_at) VALUES (47, '2023-04-02 16:03:12.476302');
INSERT INTO session (user_id, connected_at) VALUES (85, '2023-05-17 07:58:44.905155');
INSERT INTO session (user_id, connected_at) VALUES (41, '2023-03-22 02:41:27.050626');
INSERT INTO session (user_id, connected_at) VALUES (6, '2023-01-22 23:13:07.506675');
INSERT INTO session (user_id, connected_at) VALUES (44, '2023-06-22 16:06:56.675807');
INSERT INTO session (user_id, connected_at) VALUES (58, '2023-01-29 20:11:56.300330');
INSERT INTO session (user_id, connected_at) VALUES (78, '2023-02-14 20:29:35.832255');
INSERT INTO session (user_id, connected_at) VALUES (32, '2023-02-15 07:45:29.327152');
INSERT INTO session (user_id, connected_at) VALUES (76, '2023-03-02 02:53:24.859610');
INSERT INTO session (user_id, connected_at) VALUES (65, '2023-02-08 11:58:06.473418');
INSERT INTO session (user_id, connected_at) VALUES (72, '2023-03-04 07:00:55.375476');
INSERT INTO session (user_id, connected_at) VALUES (85, '2023-04-03 12:17:21.899019');
INSERT INTO session (user_id, connected_at) VALUES (74, '2023-04-30 19:14:34.745320');
INSERT INTO session (user_id, connected_at) VALUES (77, '2023-03-29 06:08:55.858975');
INSERT INTO session (user_id, connected_at) VALUES (81, '2023-03-09 01:40:55.279132');
INSERT INTO session (user_id, connected_at) VALUES (57, '2023-06-20 20:16:33.016045');
INSERT INTO session (user_id, connected_at) VALUES (33, '2023-03-06 02:55:31.168494');
INSERT INTO session (user_id, connected_at) VALUES (31, '2023-05-21 16:44:41.519892');
INSERT INTO session (user_id, connected_at) VALUES (58, '2023-01-16 21:37:35.970596');
INSERT INTO session (user_id, connected_at) VALUES (81, '2023-06-01 01:12:14.609509');
INSERT INTO session (user_id, connected_at) VALUES (58, '2023-03-17 19:03:26.413908');
INSERT INTO session (user_id, connected_at) VALUES (47, '2023-05-21 12:11:06.157245');
INSERT INTO session (user_id, connected_at) VALUES (44, '2023-04-08 21:05:49.856645');
INSERT INTO session (user_id, connected_at) VALUES (26, '2023-04-07 06:41:42.834903');
INSERT INTO session (user_id, connected_at) VALUES (57, '2023-03-03 18:12:46.175999');
INSERT INTO session (user_id, connected_at) VALUES (73, '2023-04-16 21:21:59.134234');
INSERT INTO session (user_id, connected_at) VALUES (64, '2023-04-29 00:16:26.231531');
INSERT INTO session (user_id, connected_at) VALUES (72, '2023-02-23 22:38:39.011080');
INSERT INTO session (user_id, connected_at) VALUES (22, '2023-02-11 17:25:31.689922');
INSERT INTO session (user_id, connected_at) VALUES (67, '2023-03-01 20:28:02.232893');
INSERT INTO session (user_id, connected_at) VALUES (61, '2023-06-22 10:05:58.439515');
INSERT INTO session (user_id, connected_at) VALUES (76, '2023-03-12 18:25:13.744362');
INSERT INTO session (user_id, connected_at) VALUES (46, '2023-01-23 06:37:20.319342');
INSERT INTO session (user_id, connected_at) VALUES (79, '2023-03-19 02:07:20.009364');
INSERT INTO session (user_id, connected_at) VALUES (13, '2023-03-31 01:29:58.605596');
INSERT INTO session (user_id, connected_at) VALUES (23, '2023-05-21 22:03:34.584632');
INSERT INTO session (user_id, connected_at) VALUES (47, '2023-01-23 04:28:23.638710');
INSERT INTO session (user_id, connected_at) VALUES (63, '2023-01-28 17:40:57.536479');
INSERT INTO session (user_id, connected_at) VALUES (83, '2023-01-09 01:04:04.674589');
INSERT INTO session (user_id, connected_at) VALUES (50, '2023-03-05 06:04:49.541310');
INSERT INTO session (user_id, connected_at) VALUES (62, '2023-02-19 17:31:53.993698');
INSERT INTO session (user_id, connected_at) VALUES (58, '2023-02-07 22:25:28.266244');
INSERT INTO session (user_id, connected_at) VALUES (48, '2023-04-02 10:18:04.358460');
INSERT INTO session (user_id, connected_at) VALUES (10, '2023-04-27 20:09:46.356547');
INSERT INTO session (user_id, connected_at) VALUES (17, '2023-05-22 00:53:14.145094');
INSERT INTO session (user_id, connected_at) VALUES (35, '2023-05-02 04:02:06.515837');
INSERT INTO session (user_id, connected_at) VALUES (33, '2023-04-20 09:00:10.288047');
INSERT INTO session (user_id, connected_at) VALUES (63, '2023-03-19 04:23:34.227917');
INSERT INTO session (user_id, connected_at) VALUES (70, '2023-05-13 05:17:49.864757');
INSERT INTO session (user_id, connected_at) VALUES (35, '2023-03-25 17:46:41.689804');
INSERT INTO session (user_id, connected_at) VALUES (48, '2023-05-22 07:52:43.925428');
INSERT INTO session (user_id, connected_at) VALUES (50, '2023-06-03 08:17:29.568395');
INSERT INTO session (user_id, connected_at) VALUES (54, '2023-06-29 02:20:38.350641');
INSERT INTO session (user_id, connected_at) VALUES (69, '2023-02-02 16:56:11.338955');
INSERT INTO session (user_id, connected_at) VALUES (15, '2023-04-30 13:56:49.247771');
INSERT INTO session (user_id, connected_at) VALUES (15, '2023-01-06 02:51:17.428326');
INSERT INTO session (user_id, connected_at) VALUES (8, '2023-02-08 00:12:20.271314');
INSERT INTO session (user_id, connected_at) VALUES (38, '2023-01-14 00:58:40.851177');
INSERT INTO session (user_id, connected_at) VALUES (64, '2023-04-09 18:51:27.892779');
INSERT INTO session (user_id, connected_at) VALUES (42, '2023-03-18 18:30:19.827588');
INSERT INTO session (user_id, connected_at) VALUES (28, '2023-02-07 14:00:08.330919');
INSERT INTO session (user_id, connected_at) VALUES (31, '2023-05-04 11:17:27.944234');
INSERT INTO session (user_id, connected_at) VALUES (73, '2023-01-15 04:20:49.160545');
INSERT INTO session (user_id, connected_at) VALUES (32, '2023-02-24 14:27:02.289981');
INSERT INTO session (user_id, connected_at) VALUES (35, '2023-05-21 19:19:21.301476');
INSERT INTO session (user_id, connected_at) VALUES (17, '2023-05-12 10:17:37.818279');
INSERT INTO session (user_id, connected_at) VALUES (63, '2023-06-24 05:45:18.660173');
INSERT INTO session (user_id, connected_at) VALUES (19, '2023-03-11 16:43:09.562963');
INSERT INTO session (user_id, connected_at) VALUES (6, '2023-01-17 08:40:26.316992');
INSERT INTO session (user_id, connected_at) VALUES (61, '2023-03-07 01:49:34.992327');
INSERT INTO session (user_id, connected_at) VALUES (11, '2023-06-08 18:17:50.017682');
INSERT INTO session (user_id, connected_at) VALUES (19, '2023-01-07 21:29:12.694459');
INSERT INTO session (user_id, connected_at) VALUES (60, '2023-05-23 19:31:05.050022');
INSERT INTO session (user_id, connected_at) VALUES (42, '2023-06-11 01:22:21.409183');
INSERT INTO session (user_id, connected_at) VALUES (18, '2023-04-24 15:24:12.831107');
INSERT INTO session (user_id, connected_at) VALUES (49, '2023-02-21 20:04:30.795776');
INSERT INTO session (user_id, connected_at) VALUES (55, '2023-01-06 18:42:27.134678');
INSERT INTO session (user_id, connected_at) VALUES (65, '2023-02-10 22:25:21.005329');
INSERT INTO session (user_id, connected_at) VALUES (78, '2023-05-19 01:16:55.835654');
INSERT INTO session (user_id, connected_at) VALUES (31, '2023-02-08 01:32:29.954257');
INSERT INTO session (user_id, connected_at) VALUES (55, '2023-03-06 11:19:35.079636');
INSERT INTO session (user_id, connected_at) VALUES (5, '2023-01-29 09:34:54.534303');
INSERT INTO session (user_id, connected_at) VALUES (9, '2023-03-06 07:18:58.765751');
INSERT INTO session (user_id, connected_at) VALUES (22, '2023-01-10 04:20:57.588009');
INSERT INTO session (user_id, connected_at) VALUES (72, '2023-01-01 09:14:00.937300');
INSERT INTO session (user_id, connected_at) VALUES (68, '2023-05-26 18:38:07.775840');
INSERT INTO session (user_id, connected_at) VALUES (27, '2023-06-06 20:19:16.152358');
INSERT INTO session (user_id, connected_at) VALUES (25, '2023-01-07 19:37:02.968960');
INSERT INTO session (user_id, connected_at) VALUES (24, '2023-06-01 13:05:23.087161');
INSERT INTO session (user_id, connected_at) VALUES (52, '2023-05-05 04:50:27.731414');
INSERT INTO session (user_id, connected_at) VALUES (66, '2023-06-06 00:32:50.167898');
INSERT INTO session (user_id, connected_at) VALUES (25, '2023-05-12 20:42:02.084825');
INSERT INTO session (user_id, connected_at) VALUES (57, '2023-05-23 02:48:06.453561');
INSERT INTO session (user_id, connected_at) VALUES (34, '2023-02-19 07:09:54.768406');
INSERT INTO session (user_id, connected_at) VALUES (84, '2023-02-13 02:43:03.889521');
INSERT INTO session (user_id, connected_at) VALUES (72, '2023-01-23 14:20:40.960687');
INSERT INTO session (user_id, connected_at) VALUES (28, '2023-03-17 09:48:11.577145');
INSERT INTO session (user_id, connected_at) VALUES (72, '2023-04-14 21:00:07.052082');
INSERT INTO session (user_id, connected_at) VALUES (27, '2023-03-18 20:12:36.619925');
INSERT INTO session (user_id, connected_at) VALUES (28, '2023-05-20 02:15:02.642976');
INSERT INTO session (user_id, connected_at) VALUES (4, '2023-01-09 16:16:41.941571');
INSERT INTO session (user_id, connected_at) VALUES (32, '2023-04-29 14:04:07.256286');
INSERT INTO session (user_id, connected_at) VALUES (13, '2023-05-03 22:44:25.155120');
INSERT INTO session (user_id, connected_at) VALUES (59, '2023-04-27 23:52:14.694011');
INSERT INTO session (user_id, connected_at) VALUES (79, '2023-02-02 16:32:04.100136');
INSERT INTO session (user_id, connected_at) VALUES (9, '2023-02-05 16:00:13.496760');
INSERT INTO session (user_id, connected_at) VALUES (30, '2023-05-09 16:52:46.963529');
INSERT INTO session (user_id, connected_at) VALUES (35, '2023-02-23 03:08:53.874965');
INSERT INTO session (user_id, connected_at) VALUES (30, '2023-02-21 03:54:38.884493');
INSERT INTO session (user_id, connected_at) VALUES (60, '2023-02-25 00:03:37.924220');
INSERT INTO session (user_id, connected_at) VALUES (58, '2023-06-13 07:29:59.475866');
INSERT INTO session (user_id, connected_at) VALUES (30, '2023-05-14 21:56:23.527501');
INSERT INTO session (user_id, connected_at) VALUES (76, '2023-02-09 14:51:52.013857');
INSERT INTO session (user_id, connected_at) VALUES (19, '2023-06-04 01:56:50.912647');
INSERT INTO session (user_id, connected_at) VALUES (56, '2023-01-04 19:16:45.503378');
INSERT INTO session (user_id, connected_at) VALUES (76, '2023-03-01 02:59:28.545448');
INSERT INTO session (user_id, connected_at) VALUES (16, '2023-01-29 17:55:42.739826');
INSERT INTO session (user_id, connected_at) VALUES (40, '2023-04-03 00:39:00.180686');
INSERT INTO session (user_id, connected_at) VALUES (62, '2023-05-05 19:34:15.839767');
INSERT INTO session (user_id, connected_at) VALUES (67, '2023-01-21 02:23:16.451763');
INSERT INTO session (user_id, connected_at) VALUES (44, '2023-04-18 07:40:04.641696');
INSERT INTO session (user_id, connected_at) VALUES (3, '2023-01-13 21:39:23.945600');
INSERT INTO session (user_id, connected_at) VALUES (76, '2023-05-08 11:21:44.447587');
INSERT INTO session (user_id, connected_at) VALUES (5, '2023-01-14 00:56:06.034615');
INSERT INTO session (user_id, connected_at) VALUES (20, '2023-03-04 05:24:25.673299');
INSERT INTO session (user_id, connected_at) VALUES (29, '2023-04-13 07:31:23.520177');
INSERT INTO session (user_id, connected_at) VALUES (39, '2023-01-16 06:17:11.157138');
INSERT INTO session (user_id, connected_at) VALUES (42, '2023-05-06 14:55:00.939908');
INSERT INTO session (user_id, connected_at) VALUES (54, '2023-06-26 19:22:39.243926');
INSERT INTO session (user_id, connected_at) VALUES (54, '2023-05-01 23:53:59.976880');
INSERT INTO session (user_id, connected_at) VALUES (50, '2023-03-23 19:17:38.581303');
INSERT INTO session (user_id, connected_at) VALUES (60, '2023-03-03 18:06:16.803473');
INSERT INTO session (user_id, connected_at) VALUES (69, '2023-03-23 18:50:50.638252');
INSERT INTO session (user_id, connected_at) VALUES (5, '2023-05-23 02:11:31.775082');
INSERT INTO session (user_id, connected_at) VALUES (40, '2023-06-21 20:39:02.240414');
INSERT INTO session (user_id, connected_at) VALUES (78, '2023-03-19 02:00:32.078839');
INSERT INTO session (user_id, connected_at) VALUES (5, '2023-06-27 19:56:53.570106');
INSERT INTO session (user_id, connected_at) VALUES (33, '2023-02-26 03:08:40.113626');
INSERT INTO session (user_id, connected_at) VALUES (3, '2023-05-04 02:11:06.894217');
INSERT INTO session (user_id, connected_at) VALUES (72, '2023-03-10 18:15:39.843969');
INSERT INTO session (user_id, connected_at) VALUES (36, '2023-01-18 14:55:01.881280');
INSERT INTO session (user_id, connected_at) VALUES (48, '2023-04-27 00:12:01.172212');
INSERT INTO session (user_id, connected_at) VALUES (25, '2023-04-27 17:22:47.508620');
INSERT INTO session (user_id, connected_at) VALUES (24, '2023-02-17 12:19:22.589953');
INSERT INTO session (user_id, connected_at) VALUES (4, '2023-05-25 10:28:20.689257');
INSERT INTO session (user_id, connected_at) VALUES (51, '2023-06-11 16:33:13.157627');
INSERT INTO session (user_id, connected_at) VALUES (6, '2023-03-19 10:55:25.438658');
INSERT INTO session (user_id, connected_at) VALUES (44, '2023-01-07 00:43:50.876425');
INSERT INTO session (user_id, connected_at) VALUES (60, '2023-02-13 10:21:16.819983');
INSERT INTO session (user_id, connected_at) VALUES (38, '2023-01-17 23:03:51.285240');
INSERT INTO session (user_id, connected_at) VALUES (8, '2023-03-10 02:15:40.245881');
INSERT INTO session (user_id, connected_at) VALUES (66, '2023-01-23 15:27:00.243313');
INSERT INTO session (user_id, connected_at) VALUES (48, '2023-06-24 15:03:27.843124');
INSERT INTO session (user_id, connected_at) VALUES (19, '2023-05-27 07:19:07.498639');
INSERT INTO session (user_id, connected_at) VALUES (36, '2023-03-01 00:11:43.203251');
INSERT INTO session (user_id, connected_at) VALUES (63, '2023-04-26 08:05:58.457861');
INSERT INTO session (user_id, connected_at) VALUES (61, '2023-03-11 18:39:16.099821');
INSERT INTO session (user_id, connected_at) VALUES (45, '2023-01-03 23:12:11.821331');
INSERT INTO session (user_id, connected_at) VALUES (1, '2023-05-27 01:03:52.514602');
INSERT INTO session (user_id, connected_at) VALUES (69, '2023-04-03 07:02:25.940670');
INSERT INTO session (user_id, connected_at) VALUES (32, '2023-03-16 10:56:06.121983');
INSERT INTO session (user_id, connected_at) VALUES (1, '2023-03-03 06:03:18.957026');
INSERT INTO session (user_id, connected_at) VALUES (51, '2023-03-01 21:30:56.522557');
INSERT INTO session (user_id, connected_at) VALUES (46, '2023-04-19 09:38:06.049693');
INSERT INTO session (user_id, connected_at) VALUES (75, '2023-02-18 16:05:54.076839');
INSERT INTO session (user_id, connected_at) VALUES (11, '2023-03-09 04:34:36.853356');
INSERT INTO session (user_id, connected_at) VALUES (30, '2023-03-24 14:46:26.348419');
INSERT INTO session (user_id, connected_at) VALUES (26, '2023-01-22 03:04:52.543183');
INSERT INTO session (user_id, connected_at) VALUES (81, '2023-03-05 17:28:13.341249');
INSERT INTO session (user_id, connected_at) VALUES (12, '2023-04-09 21:59:10.598715');
INSERT INTO session (user_id, connected_at) VALUES (46, '2023-02-24 14:41:45.084307');
INSERT INTO session (user_id, connected_at) VALUES (34, '2023-04-12 06:47:30.433781');
INSERT INTO session (user_id, connected_at) VALUES (11, '2023-05-10 08:51:42.158246');
INSERT INTO session (user_id, connected_at) VALUES (6, '2023-04-28 19:28:03.023574');
INSERT INTO session (user_id, connected_at) VALUES (81, '2023-01-11 23:57:07.589057');
INSERT INTO session (user_id, connected_at) VALUES (70, '2023-05-18 20:59:49.303452');
INSERT INTO session (user_id, connected_at) VALUES (80, '2023-06-15 00:40:40.798959');
INSERT INTO session (user_id, connected_at) VALUES (23, '2023-02-19 09:56:46.780108');
INSERT INTO session (user_id, connected_at) VALUES (47, '2023-02-28 05:22:03.514092');
INSERT INTO session (user_id, connected_at) VALUES (41, '2023-03-28 22:18:50.647042');
INSERT INTO session (user_id, connected_at) VALUES (59, '2023-01-18 19:30:40.503633');
INSERT INTO session (user_id, connected_at) VALUES (17, '2023-05-30 17:47:48.938146');
INSERT INTO session (user_id, connected_at) VALUES (1, '2023-06-03 17:48:41.510418');
INSERT INTO session (user_id, connected_at) VALUES (73, '2023-05-13 09:59:17.539868');
INSERT INTO session (user_id, connected_at) VALUES (23, '2023-02-01 06:15:37.892413');
INSERT INTO session (user_id, connected_at) VALUES (10, '2023-06-27 05:01:14.086493');
INSERT INTO session (user_id, connected_at) VALUES (51, '2023-05-06 17:24:57.485931');
INSERT INTO session (user_id, connected_at) VALUES (11, '2023-04-26 05:24:47.409222');
INSERT INTO session (user_id, connected_at) VALUES (69, '2023-03-11 04:54:52.689545');
INSERT INTO session (user_id, connected_at) VALUES (82, '2023-01-27 07:34:33.835303');
INSERT INTO session (user_id, connected_at) VALUES (14, '2023-05-12 09:59:15.311642');
INSERT INTO session (user_id, connected_at) VALUES (78, '2023-03-09 20:18:16.570301');
INSERT INTO session (user_id, connected_at) VALUES (4, '2023-01-19 08:57:45.376849');
INSERT INTO session (user_id, connected_at) VALUES (67, '2023-06-03 01:19:32.633769');
INSERT INTO session (user_id, connected_at) VALUES (24, '2023-06-17 08:20:40.269620');
INSERT INTO session (user_id, connected_at) VALUES (80, '2023-05-23 04:44:25.014384');
INSERT INTO session (user_id, connected_at) VALUES (3, '2023-04-19 02:02:57.786058');
INSERT INTO session (user_id, connected_at) VALUES (13, '2023-06-21 12:25:34.304875');
INSERT INTO session (user_id, connected_at) VALUES (31, '2023-03-24 01:11:52.051977');
INSERT INTO session (user_id, connected_at) VALUES (77, '2023-02-12 09:09:11.412020');
INSERT INTO session (user_id, connected_at) VALUES (23, '2023-04-01 14:38:51.877322');
INSERT INTO session (user_id, connected_at) VALUES (8, '2023-06-12 21:46:51.427009');
INSERT INTO session (user_id, connected_at) VALUES (55, '2023-03-10 07:36:22.329059');
INSERT INTO session (user_id, connected_at) VALUES (20, '2023-03-21 22:14:42.639389');
INSERT INTO session (user_id, connected_at) VALUES (44, '2023-06-14 05:44:06.330472');
INSERT INTO session (user_id, connected_at) VALUES (69, '2023-02-26 10:16:05.112540');
INSERT INTO session (user_id, connected_at) VALUES (4, '2023-04-14 00:54:45.469959');
INSERT INTO session (user_id, connected_at) VALUES (56, '2023-05-03 20:56:08.697605');
INSERT INTO session (user_id, connected_at) VALUES (68, '2023-02-16 17:59:28.012654');
INSERT INTO session (user_id, connected_at) VALUES (59, '2023-04-02 05:54:45.172672');
INSERT INTO session (user_id, connected_at) VALUES (34, '2023-05-06 09:44:22.144876');
INSERT INTO session (user_id, connected_at) VALUES (82, '2023-05-01 23:06:16.742177');
INSERT INTO session (user_id, connected_at) VALUES (66, '2023-04-16 03:49:35.796836');
INSERT INTO session (user_id, connected_at) VALUES (78, '2023-06-10 22:14:17.087030');
INSERT INTO session (user_id, connected_at) VALUES (45, '2023-01-14 00:36:23.256996');
INSERT INTO session (user_id, connected_at) VALUES (63, '2023-03-11 02:50:41.854962');
INSERT INTO session (user_id, connected_at) VALUES (72, '2023-02-11 19:10:52.323665');
INSERT INTO session (user_id, connected_at) VALUES (41, '2023-01-23 11:29:00.364271');
INSERT INTO session (user_id, connected_at) VALUES (85, '2023-04-13 18:18:40.118961');
INSERT INTO session (user_id, connected_at) VALUES (8, '2023-06-01 05:18:05.677035');
INSERT INTO session (user_id, connected_at) VALUES (72, '2023-01-01 20:09:13.920245');
INSERT INTO session (user_id, connected_at) VALUES (29, '2023-05-10 18:37:51.502310');
INSERT INTO session (user_id, connected_at) VALUES (66, '2023-04-15 22:15:20.680563');
INSERT INTO session (user_id, connected_at) VALUES (64, '2023-01-21 13:45:58.903598');
INSERT INTO session (user_id, connected_at) VALUES (9, '2023-06-21 16:28:52.351321');
INSERT INTO session (user_id, connected_at) VALUES (4, '2023-02-18 06:21:26.640229');
INSERT INTO session (user_id, connected_at) VALUES (3, '2023-06-21 10:44:51.924291');
INSERT INTO session (user_id, connected_at) VALUES (62, '2023-04-10 17:23:44.638035');
INSERT INTO session (user_id, connected_at) VALUES (68, '2023-02-12 06:52:48.400496');
INSERT INTO session (user_id, connected_at) VALUES (26, '2023-05-26 15:32:01.509883');
INSERT INTO session (user_id, connected_at) VALUES (13, '2023-03-05 01:01:13.428113');
INSERT INTO session (user_id, connected_at) VALUES (33, '2023-03-06 14:52:19.534383');
INSERT INTO session (user_id, connected_at) VALUES (34, '2023-01-05 00:58:41.387491');
INSERT INTO session (user_id, connected_at) VALUES (65, '2023-06-03 15:21:03.100856');
INSERT INTO session (user_id, connected_at) VALUES (65, '2023-04-19 18:48:32.503775');
INSERT INTO session (user_id, connected_at) VALUES (48, '2023-03-24 18:03:22.873003');
INSERT INTO session (user_id, connected_at) VALUES (3, '2023-02-01 13:26:58.595149');
INSERT INTO session (user_id, connected_at) VALUES (56, '2023-02-28 09:25:55.457674');
INSERT INTO session (user_id, connected_at) VALUES (59, '2023-05-19 17:16:17.193387');
INSERT INTO session (user_id, connected_at) VALUES (16, '2023-04-21 23:48:51.734033');
INSERT INTO session (user_id, connected_at) VALUES (66, '2023-06-04 22:12:08.957499');
INSERT INTO session (user_id, connected_at) VALUES (42, '2023-06-15 22:11:59.152843');
INSERT INTO session (user_id, connected_at) VALUES (21, '2023-04-17 03:54:11.124055');
INSERT INTO session (user_id, connected_at) VALUES (16, '2023-05-03 22:39:27.201774');
INSERT INTO session (user_id, connected_at) VALUES (10, '2023-05-06 22:53:50.859078');
INSERT INTO session (user_id, connected_at) VALUES (84, '2023-06-02 06:39:49.727023');
INSERT INTO session (user_id, connected_at) VALUES (8, '2023-01-21 19:06:15.267030');
INSERT INTO session (user_id, connected_at) VALUES (85, '2023-05-17 11:12:26.440516');
INSERT INTO session (user_id, connected_at) VALUES (85, '2023-03-30 22:31:53.334257');
INSERT INTO session (user_id, connected_at) VALUES (38, '2023-05-07 16:44:26.883875');
INSERT INTO session (user_id, connected_at) VALUES (25, '2023-04-25 12:47:31.990399');
INSERT INTO session (user_id, connected_at) VALUES (55, '2023-01-26 02:42:53.562314');
INSERT INTO session (user_id, connected_at) VALUES (38, '2023-05-21 02:05:13.458061');
INSERT INTO session (user_id, connected_at) VALUES (82, '2023-01-25 22:32:11.565956');
INSERT INTO session (user_id, connected_at) VALUES (57, '2023-03-14 08:57:58.104352');
INSERT INTO session (user_id, connected_at) VALUES (76, '2023-03-10 01:40:49.015210');
INSERT INTO session (user_id, connected_at) VALUES (8, '2023-02-28 11:30:09.945188');
INSERT INTO session (user_id, connected_at) VALUES (64, '2023-03-31 21:32:35.771072');
INSERT INTO session (user_id, connected_at) VALUES (45, '2023-05-14 04:21:56.764938');
INSERT INTO session (user_id, connected_at) VALUES (42, '2023-02-28 15:56:01.017761');
INSERT INTO session (user_id, connected_at) VALUES (52, '2023-03-04 09:33:56.805401');
INSERT INTO session (user_id, connected_at) VALUES (38, '2023-05-30 05:18:32.504011');
INSERT INTO session (user_id, connected_at) VALUES (42, '2023-06-10 00:44:06.355635');
INSERT INTO session (user_id, connected_at) VALUES (62, '2023-02-04 04:02:16.707874');
INSERT INTO session (user_id, connected_at) VALUES (22, '2023-01-17 10:08:00.225656');
INSERT INTO session (user_id, connected_at) VALUES (80, '2023-06-24 11:01:11.997995');
INSERT INTO session (user_id, connected_at) VALUES (17, '2023-04-03 10:08:00.032553');
INSERT INTO session (user_id, connected_at) VALUES (40, '2023-01-22 05:43:59.239495');
INSERT INTO session (user_id, connected_at) VALUES (67, '2023-04-08 10:36:00.413546');
INSERT INTO session (user_id, connected_at) VALUES (66, '2023-05-23 21:15:14.160390');
INSERT INTO session (user_id, connected_at) VALUES (80, '2023-01-20 10:51:22.606005');
INSERT INTO session (user_id, connected_at) VALUES (8, '2023-02-21 13:20:39.607659');
INSERT INTO session (user_id, connected_at) VALUES (26, '2023-03-05 13:25:57.088109');
INSERT INTO session (user_id, connected_at) VALUES (83, '2023-02-01 07:31:20.833503');
INSERT INTO session (user_id, connected_at) VALUES (18, '2023-05-15 07:16:59.842424');
INSERT INTO session (user_id, connected_at) VALUES (27, '2023-05-04 22:35:25.102839');
INSERT INTO session (user_id, connected_at) VALUES (36, '2023-05-14 21:25:49.082061');
INSERT INTO session (user_id, connected_at) VALUES (4, '2023-04-28 05:58:01.015767');
INSERT INTO session (user_id, connected_at) VALUES (84, '2023-03-21 12:49:54.994250');
INSERT INTO session (user_id, connected_at) VALUES (62, '2023-06-23 09:21:29.451499');
INSERT INTO session (user_id, connected_at) VALUES (82, '2023-04-29 10:11:48.644628');
INSERT INTO session (user_id, connected_at) VALUES (78, '2023-06-26 04:39:07.859246');
INSERT INTO session (user_id, connected_at) VALUES (24, '2023-01-05 04:57:17.028596');
INSERT INTO session (user_id, connected_at) VALUES (39, '2023-04-14 16:08:49.177754');
INSERT INTO session (user_id, connected_at) VALUES (32, '2023-02-13 02:12:25.244112');
INSERT INTO session (user_id, connected_at) VALUES (1, '2023-04-23 16:58:16.647460');
INSERT INTO session (user_id, connected_at) VALUES (61, '2023-02-02 19:25:19.273477');
INSERT INTO session (user_id, connected_at) VALUES (67, '2023-03-01 22:06:02.789086');
INSERT INTO session (user_id, connected_at) VALUES (64, '2023-02-23 23:46:30.680621');
INSERT INTO session (user_id, connected_at) VALUES (3, '2023-05-10 10:39:18.847454');
INSERT INTO session (user_id, connected_at) VALUES (55, '2023-01-26 19:46:14.774772');
INSERT INTO session (user_id, connected_at) VALUES (67, '2023-06-15 18:28:54.232724');
INSERT INTO session (user_id, connected_at) VALUES (40, '2023-06-28 11:29:23.530907');
INSERT INTO session (user_id, connected_at) VALUES (42, '2023-05-12 08:24:20.261282');
INSERT INTO session (user_id, connected_at) VALUES (16, '2023-01-21 22:51:55.253438');
INSERT INTO session (user_id, connected_at) VALUES (76, '2023-03-12 14:49:15.546664');
INSERT INTO session (user_id, connected_at) VALUES (33, '2023-04-07 08:12:43.678327');
INSERT INTO session (user_id, connected_at) VALUES (2, '2023-05-26 20:58:56.885026');
INSERT INTO session (user_id, connected_at) VALUES (84, '2023-02-20 18:24:19.437120');
INSERT INTO session (user_id, connected_at) VALUES (5, '2023-05-24 02:27:25.092037');
INSERT INTO session (user_id, connected_at) VALUES (6, '2023-05-31 00:23:10.244884');
INSERT INTO session (user_id, connected_at) VALUES (42, '2023-03-21 15:21:00.580589');
INSERT INTO session (user_id, connected_at) VALUES (44, '2023-05-20 16:09:54.947170');
INSERT INTO session (user_id, connected_at) VALUES (7, '2023-04-10 10:23:55.259770');
INSERT INTO session (user_id, connected_at) VALUES (7, '2023-03-30 03:59:00.823951');
INSERT INTO session (user_id, connected_at) VALUES (25, '2023-06-21 07:00:20.532077');
INSERT INTO session (user_id, connected_at) VALUES (47, '2023-06-20 02:50:16.260439');
INSERT INTO session (user_id, connected_at) VALUES (66, '2023-03-14 06:08:14.796700');
INSERT INTO session (user_id, connected_at) VALUES (54, '2023-03-16 03:04:20.007458');
INSERT INTO session (user_id, connected_at) VALUES (44, '2023-05-21 00:38:55.621964');
INSERT INTO session (user_id, connected_at) VALUES (1, '2023-06-15 12:39:37.759007');
INSERT INTO session (user_id, connected_at) VALUES (82, '2023-05-05 14:06:06.000136');
INSERT INTO session (user_id, connected_at) VALUES (31, '2023-04-21 02:32:25.009748');
INSERT INTO session (user_id, connected_at) VALUES (33, '2023-04-29 07:22:22.168691');
INSERT INTO session (user_id, connected_at) VALUES (4, '2023-01-23 08:39:14.727767');
INSERT INTO session (user_id, connected_at) VALUES (62, '2023-05-29 06:47:24.979444');
INSERT INTO session (user_id, connected_at) VALUES (81, '2023-05-31 09:00:13.890383');
INSERT INTO session (user_id, connected_at) VALUES (82, '2023-05-26 17:13:13.640780');
INSERT INTO session (user_id, connected_at) VALUES (10, '2023-04-15 20:54:16.092995');
INSERT INTO session (user_id, connected_at) VALUES (32, '2023-03-17 23:35:00.246662');
INSERT INTO session (user_id, connected_at) VALUES (70, '2023-03-11 03:57:02.893449');
INSERT INTO session (user_id, connected_at) VALUES (33, '2023-06-04 15:01:20.570546');
INSERT INTO session (user_id, connected_at) VALUES (84, '2023-05-23 16:23:16.273510');
INSERT INTO session (user_id, connected_at) VALUES (44, '2023-03-15 04:40:43.000081');
INSERT INTO session (user_id, connected_at) VALUES (25, '2023-05-11 15:41:32.376966');
INSERT INTO session (user_id, connected_at) VALUES (23, '2023-06-29 22:18:49.882190');
INSERT INTO session (user_id, connected_at) VALUES (82, '2023-01-01 23:20:35.335204');
INSERT INTO session (user_id, connected_at) VALUES (11, '2023-05-17 00:02:29.004818');
INSERT INTO session (user_id, connected_at) VALUES (57, '2023-03-30 23:46:18.606525');
INSERT INTO session (user_id, connected_at) VALUES (82, '2023-01-27 22:34:29.507533');
INSERT INTO session (user_id, connected_at) VALUES (61, '2023-04-18 14:04:31.088631');
INSERT INTO session (user_id, connected_at) VALUES (42, '2023-05-01 07:28:02.450798');
INSERT INTO session (user_id, connected_at) VALUES (75, '2023-03-30 13:58:43.524934');
INSERT INTO session (user_id, connected_at) VALUES (73, '2023-06-01 20:32:33.442350');
INSERT INTO session (user_id, connected_at) VALUES (70, '2023-06-19 23:35:38.493820');
INSERT INTO session (user_id, connected_at) VALUES (12, '2023-01-28 23:22:31.061191');
INSERT INTO session (user_id, connected_at) VALUES (3, '2023-04-12 20:12:12.814449');
INSERT INTO session (user_id, connected_at) VALUES (32, '2023-01-26 18:34:34.768501');
INSERT INTO session (user_id, connected_at) VALUES (54, '2023-01-23 02:58:45.976233');
INSERT INTO session (user_id, connected_at) VALUES (35, '2023-04-24 11:06:17.800318');
INSERT INTO session (user_id, connected_at) VALUES (62, '2023-03-31 01:46:11.258292');
INSERT INTO session (user_id, connected_at) VALUES (22, '2023-03-02 23:00:46.779684');
INSERT INTO session (user_id, connected_at) VALUES (23, '2023-05-05 13:55:17.574771');
INSERT INTO session (user_id, connected_at) VALUES (55, '2023-06-05 18:04:27.720591');
INSERT INTO session (user_id, connected_at) VALUES (40, '2023-03-26 00:04:44.292231');
INSERT INTO session (user_id, connected_at) VALUES (19, '2023-03-27 14:14:26.628029');
INSERT INTO session (user_id, connected_at) VALUES (69, '2023-04-06 06:31:46.959523');
INSERT INTO session (user_id, connected_at) VALUES (7, '2023-03-23 04:06:49.212115');
INSERT INTO session (user_id, connected_at) VALUES (57, '2023-01-04 12:49:23.092057');
INSERT INTO session (user_id, connected_at) VALUES (11, '2023-05-13 19:12:37.408711');
INSERT INTO session (user_id, connected_at) VALUES (74, '2023-04-01 03:29:23.703931');
INSERT INTO session (user_id, connected_at) VALUES (81, '2023-01-08 04:49:14.135973');
INSERT INTO session (user_id, connected_at) VALUES (56, '2023-02-19 08:23:29.503194');
INSERT INTO session (user_id, connected_at) VALUES (1, '2023-03-10 12:52:15.357070');
INSERT INTO session (user_id, connected_at) VALUES (54, '2023-02-19 03:07:41.520617');
INSERT INTO session (user_id, connected_at) VALUES (82, '2023-05-29 18:46:37.489994');
INSERT INTO session (user_id, connected_at) VALUES (4, '2023-05-13 01:34:28.743303');
INSERT INTO session (user_id, connected_at) VALUES (84, '2023-01-26 15:18:39.795361');
INSERT INTO session (user_id, connected_at) VALUES (34, '2023-02-09 00:23:37.543003');
INSERT INTO session (user_id, connected_at) VALUES (75, '2023-04-20 08:32:27.188966');
INSERT INTO session (user_id, connected_at) VALUES (45, '2023-03-30 12:46:56.794992');
INSERT INTO session (user_id, connected_at) VALUES (20, '2023-04-10 04:03:52.488984');
INSERT INTO session (user_id, connected_at) VALUES (82, '2023-05-03 17:30:29.692793');
INSERT INTO session (user_id, connected_at) VALUES (44, '2023-05-03 23:24:51.747664');
INSERT INTO session (user_id, connected_at) VALUES (37, '2023-05-01 14:59:38.699990');
INSERT INTO session (user_id, connected_at) VALUES (53, '2023-02-02 11:53:09.696404');
INSERT INTO session (user_id, connected_at) VALUES (83, '2023-03-01 20:20:30.844526');
INSERT INTO session (user_id, connected_at) VALUES (23, '2023-01-25 10:18:41.546539');
INSERT INTO session (user_id, connected_at) VALUES (3, '2023-05-13 02:59:29.268142');
INSERT INTO session (user_id, connected_at) VALUES (58, '2023-05-25 18:31:15.799327');
INSERT INTO session (user_id, connected_at) VALUES (68, '2023-05-08 07:55:25.247945');
INSERT INTO session (user_id, connected_at) VALUES (65, '2023-06-21 05:19:02.282285');
INSERT INTO session (user_id, connected_at) VALUES (40, '2023-03-27 08:25:51.723725');
INSERT INTO session (user_id, connected_at) VALUES (34, '2023-05-30 12:51:11.232120');
INSERT INTO session (user_id, connected_at) VALUES (45, '2023-06-28 20:56:09.457997');
INSERT INTO session (user_id, connected_at) VALUES (49, '2023-01-22 17:25:47.653709');
INSERT INTO session (user_id, connected_at) VALUES (32, '2023-04-16 02:36:01.580256');
INSERT INTO session (user_id, connected_at) VALUES (65, '2023-03-12 11:31:52.715335');
INSERT INTO session (user_id, connected_at) VALUES (44, '2023-04-02 18:28:43.032172');
INSERT INTO session (user_id, connected_at) VALUES (81, '2023-05-11 20:42:26.942624');
INSERT INTO session (user_id, connected_at) VALUES (59, '2023-03-22 01:54:12.751870');
INSERT INTO session (user_id, connected_at) VALUES (35, '2023-02-10 23:42:19.542261');
INSERT INTO session (user_id, connected_at) VALUES (81, '2023-04-02 21:08:32.672438');
INSERT INTO session (user_id, connected_at) VALUES (71, '2023-04-24 02:35:09.616161');
INSERT INTO session (user_id, connected_at) VALUES (31, '2023-06-12 16:24:16.095083');
INSERT INTO session (user_id, connected_at) VALUES (57, '2023-02-13 20:53:15.340952');
INSERT INTO session (user_id, connected_at) VALUES (75, '2023-01-07 02:31:08.198309');
INSERT INTO session (user_id, connected_at) VALUES (29, '2023-04-12 22:12:58.967368');
INSERT INTO session (user_id, connected_at) VALUES (35, '2023-03-14 20:58:03.303905');
INSERT INTO session (user_id, connected_at) VALUES (57, '2023-01-12 15:02:01.475850');
INSERT INTO session (user_id, connected_at) VALUES (73, '2023-06-05 06:35:24.526340');
INSERT INTO session (user_id, connected_at) VALUES (35, '2023-04-18 22:02:38.920453');
INSERT INTO session (user_id, connected_at) VALUES (60, '2023-03-17 01:00:53.356562');
INSERT INTO session (user_id, connected_at) VALUES (7, '2023-02-07 02:14:39.205976');
INSERT INTO session (user_id, connected_at) VALUES (46, '2023-02-17 22:46:21.024945');
INSERT INTO session (user_id, connected_at) VALUES (7, '2023-03-30 10:54:16.416111');
INSERT INTO session (user_id, connected_at) VALUES (78, '2023-03-06 20:37:45.606898');
INSERT INTO session (user_id, connected_at) VALUES (53, '2023-04-12 22:42:19.911184');
INSERT INTO session (user_id, connected_at) VALUES (14, '2023-04-28 03:05:13.326633');
INSERT INTO session (user_id, connected_at) VALUES (35, '2023-06-08 17:31:54.888840');
INSERT INTO session (user_id, connected_at) VALUES (6, '2023-01-12 07:07:14.344291');
INSERT INTO session (user_id, connected_at) VALUES (64, '2023-01-25 21:26:17.174559');
INSERT INTO session (user_id, connected_at) VALUES (65, '2023-01-20 20:45:54.732832');
INSERT INTO session (user_id, connected_at) VALUES (51, '2023-03-07 22:11:28.860267');
INSERT INTO session (user_id, connected_at) VALUES (1, '2023-01-07 19:34:50.206584');
INSERT INTO session (user_id, connected_at) VALUES (29, '2023-06-27 20:39:53.149868');
INSERT INTO session (user_id, connected_at) VALUES (41, '2023-04-01 05:07:24.954477');
INSERT INTO session (user_id, connected_at) VALUES (66, '2023-05-25 21:49:03.923332');
INSERT INTO session (user_id, connected_at) VALUES (79, '2023-01-14 14:03:16.119090');
INSERT INTO session (user_id, connected_at) VALUES (12, '2023-05-01 11:27:47.956731');
INSERT INTO session (user_id, connected_at) VALUES (43, '2023-01-09 19:01:02.813149');
INSERT INTO session (user_id, connected_at) VALUES (48, '2023-04-02 04:57:18.238173');
INSERT INTO session (user_id, connected_at) VALUES (24, '2023-03-29 19:50:24.120011');
INSERT INTO session (user_id, connected_at) VALUES (3, '2023-01-28 09:58:56.324440');
INSERT INTO session (user_id, connected_at) VALUES (29, '2023-01-15 17:07:52.336001');
INSERT INTO session (user_id, connected_at) VALUES (81, '2023-03-14 21:59:28.662715');
INSERT INTO session (user_id, connected_at) VALUES (45, '2023-04-25 00:13:39.929324');
INSERT INTO session (user_id, connected_at) VALUES (49, '2023-01-12 16:47:21.570574');
INSERT INTO session (user_id, connected_at) VALUES (34, '2023-02-09 07:14:22.242487');
INSERT INTO session (user_id, connected_at) VALUES (25, '2023-01-04 21:27:48.211817');
INSERT INTO session (user_id, connected_at) VALUES (35, '2023-05-29 21:34:47.532129');
INSERT INTO session (user_id, connected_at) VALUES (25, '2023-01-22 12:15:07.381387');
INSERT INTO session (user_id, connected_at) VALUES (30, '2023-04-08 07:38:58.194765');
INSERT INTO session (user_id, connected_at) VALUES (34, '2023-02-26 14:44:06.134955');
INSERT INTO session (user_id, connected_at) VALUES (3, '2023-01-30 13:20:12.505191');
INSERT INTO session (user_id, connected_at) VALUES (46, '2023-04-13 18:03:35.181320');
INSERT INTO session (user_id, connected_at) VALUES (21, '2023-01-05 03:11:17.270114');
INSERT INTO session (user_id, connected_at) VALUES (40, '2023-03-05 10:53:19.655504');
INSERT INTO session (user_id, connected_at) VALUES (71, '2023-01-20 10:02:30.879246');
INSERT INTO session (user_id, connected_at) VALUES (66, '2023-03-02 19:13:04.370389');
INSERT INTO session (user_id, connected_at) VALUES (11, '2023-02-26 14:31:34.951955');
INSERT INTO session (user_id, connected_at) VALUES (30, '2023-05-19 16:13:58.001375');
INSERT INTO session (user_id, connected_at) VALUES (58, '2023-05-09 23:09:37.407760');
INSERT INTO session (user_id, connected_at) VALUES (45, '2023-06-20 17:18:52.431633');
INSERT INTO session (user_id, connected_at) VALUES (19, '2023-06-13 18:43:19.509551');
INSERT INTO session (user_id, connected_at) VALUES (7, '2023-04-01 22:32:32.780354');
INSERT INTO session (user_id, connected_at) VALUES (33, '2023-02-21 22:04:43.522672');
INSERT INTO session (user_id, connected_at) VALUES (43, '2023-03-02 06:43:59.560283');
INSERT INTO session (user_id, connected_at) VALUES (84, '2023-02-19 14:08:39.170782');
INSERT INTO session (user_id, connected_at) VALUES (76, '2023-03-09 21:03:40.093323');
INSERT INTO session (user_id, connected_at) VALUES (23, '2023-05-11 19:04:23.745594');
INSERT INTO session (user_id, connected_at) VALUES (72, '2023-03-23 08:33:07.509668');
INSERT INTO session (user_id, connected_at) VALUES (24, '2023-05-29 16:14:00.625271');
INSERT INTO session (user_id, connected_at) VALUES (66, '2023-05-05 18:23:02.509136');
INSERT INTO session (user_id, connected_at) VALUES (13, '2023-01-09 09:26:38.555391');
INSERT INTO session (user_id, connected_at) VALUES (52, '2023-04-18 20:45:33.700902');
INSERT INTO session (user_id, connected_at) VALUES (8, '2023-05-30 15:19:13.149986');
INSERT INTO session (user_id, connected_at) VALUES (5, '2023-02-19 21:26:21.738420');
INSERT INTO session (user_id, connected_at) VALUES (11, '2023-03-17 04:50:32.975873');
INSERT INTO session (user_id, connected_at) VALUES (16, '2023-02-02 18:44:54.392488');
INSERT INTO session (user_id, connected_at) VALUES (32, '2023-01-24 14:15:32.051045');
INSERT INTO session (user_id, connected_at) VALUES (63, '2023-02-06 15:18:19.213358');
INSERT INTO session (user_id, connected_at) VALUES (55, '2023-01-09 11:57:41.208236');
INSERT INTO session (user_id, connected_at) VALUES (44, '2023-01-31 00:10:48.233937');
INSERT INTO session (user_id, connected_at) VALUES (48, '2023-04-15 18:41:24.142768');
INSERT INTO session (user_id, connected_at) VALUES (58, '2023-02-24 01:22:17.656924');
INSERT INTO session (user_id, connected_at) VALUES (33, '2023-03-06 03:18:23.813424');
INSERT INTO session (user_id, connected_at) VALUES (16, '2023-04-15 06:08:34.021918');
INSERT INTO session (user_id, connected_at) VALUES (51, '2023-04-13 05:48:40.313025');
INSERT INTO session (user_id, connected_at) VALUES (44, '2023-01-20 11:14:54.501633');
INSERT INTO session (user_id, connected_at) VALUES (27, '2023-06-02 10:33:39.673842');
INSERT INTO session (user_id, connected_at) VALUES (11, '2023-04-10 22:06:52.971901');
INSERT INTO session (user_id, connected_at) VALUES (68, '2023-06-09 14:15:00.771429');
INSERT INTO session (user_id, connected_at) VALUES (70, '2023-03-06 13:42:32.034753');
INSERT INTO session (user_id, connected_at) VALUES (66, '2023-06-02 09:34:14.469984');
INSERT INTO session (user_id, connected_at) VALUES (43, '2023-04-14 04:17:00.686612');
INSERT INTO session (user_id, connected_at) VALUES (44, '2023-04-13 11:53:01.382820');
INSERT INTO session (user_id, connected_at) VALUES (72, '2023-01-08 09:19:57.929375');
INSERT INTO session (user_id, connected_at) VALUES (7, '2023-04-02 18:07:48.257356');
INSERT INTO session (user_id, connected_at) VALUES (50, '2023-04-08 22:49:20.973324');
INSERT INTO session (user_id, connected_at) VALUES (83, '2023-06-29 12:57:58.411655');
INSERT INTO session (user_id, connected_at) VALUES (4, '2023-04-08 08:33:31.471803');
INSERT INTO session (user_id, connected_at) VALUES (78, '2023-05-06 00:08:03.370093');
INSERT INTO session (user_id, connected_at) VALUES (80, '2023-05-01 14:57:14.508722');
INSERT INTO session (user_id, connected_at) VALUES (13, '2023-03-23 07:18:53.303471');
INSERT INTO session (user_id, connected_at) VALUES (54, '2023-06-10 14:01:49.211849');
INSERT INTO session (user_id, connected_at) VALUES (59, '2023-06-04 23:13:39.292952');
INSERT INTO session (user_id, connected_at) VALUES (33, '2023-05-09 21:04:50.867354');
INSERT INTO session (user_id, connected_at) VALUES (34, '2023-03-15 12:21:40.991568');
INSERT INTO session (user_id, connected_at) VALUES (55, '2023-01-23 21:04:23.823352');
INSERT INTO session (user_id, connected_at) VALUES (78, '2023-04-09 19:27:09.570542');
INSERT INTO session (user_id, connected_at) VALUES (65, '2023-01-20 02:29:12.938258');
INSERT INTO session (user_id, connected_at) VALUES (71, '2023-06-15 14:53:24.324016');
INSERT INTO session (user_id, connected_at) VALUES (65, '2023-03-12 15:04:37.616185');
INSERT INTO session (user_id, connected_at) VALUES (38, '2023-05-28 05:03:05.490996');
INSERT INTO session (user_id, connected_at) VALUES (10, '2023-06-19 04:55:46.734921');
INSERT INTO session (user_id, connected_at) VALUES (67, '2023-01-13 17:24:03.691024');
INSERT INTO session (user_id, connected_at) VALUES (81, '2023-05-10 06:08:39.080595');
INSERT INTO session (user_id, connected_at) VALUES (83, '2023-06-13 17:49:39.012166');
INSERT INTO session (user_id, connected_at) VALUES (47, '2023-01-12 15:07:14.307787');
INSERT INTO session (user_id, connected_at) VALUES (26, '2023-04-29 10:40:51.843428');
INSERT INTO session (user_id, connected_at) VALUES (72, '2023-01-31 09:26:07.606226');
INSERT INTO session (user_id, connected_at) VALUES (17, '2023-06-21 16:25:06.152132');
INSERT INTO session (user_id, connected_at) VALUES (25, '2023-01-06 13:14:05.726599');
INSERT INTO session (user_id, connected_at) VALUES (85, '2023-03-27 06:53:28.499453');
INSERT INTO session (user_id, connected_at) VALUES (44, '2023-04-19 23:43:55.268207');